symbol,side,book,IS_n,IS_win%,IS_ROM%,OOS_n,OOS_win%,OOS_ROM%
ABB,BC,v2,2,100.0,87.3,1,100.0,94.7
ABB,BC,v1,3,100.0,91.4,3,100.0,33.8
ABB,BC,v0,2,50.0,-32.2,2,50.0,2.3
ABB,BP,v2,2,50.0,-30.0,,,
ABB,BP,v1,1,100.0,40.8,3,100.0,42.5
ABB,BP,v0,,,,1,100.0,23.0
ABB,BP,vlc 0.30-0.40,1,100.0,18.8,4,100.0,32.6
ACC,BC,v2,3,100.0,133.8,,,
ACC,BC,v1,7,85.7,34.4,1,100.0,37.3
ACC,BC,v0,4,100.0,22.8,,,
ACC,BP,v2,7,85.7,70.7,,,
ACC,BP,v1,9,100.0,47.3,,,
ACC,BP,v0,2,100.0,39.9,,,
ACC,BP,vlc 0.30-0.40,4,100.0,30.6,1,100.0,15.6
ADANIENSOL,BC,v1,,,,1,100.0,44.3
ADANIENSOL,BP,v1,,,,1,100.0,75.8
ADANIENT,BC,v2,4,50.0,-27.9,4,100.0,43.4
ADANIENT,BC,v1,4,75.0,8.5,6,83.3,11.6
ADANIENT,BC,v0,2,0.0,-95.9,2,50.0,-39.7
ADANIENT,BP,v2,3,100.0,48.2,,,
ADANIENT,BP,v1,4,100.0,30.3,3,66.7,-20.7
ADANIENT,BP,v0,4,100.0,23.0,2,50.0,-39.3
ADANIGREEN,BC,v2,,,,2,100.0,44.8
ADANIGREEN,BC,v1,,,,2,50.0,2.5
ADANIGREEN,BC,v0,,,,4,100.0,33.9
ADANIGREEN,BP,v1,,,,2,50.0,-63.4
ADANIGREEN,BP,v0,,,,1,100.0,23.3
ADANIPORTS,BC,v2,1,100.0,180.8,,,
ADANIPORTS,BC,v1,6,83.3,21.9,1,0.0,-88.3
ADANIPORTS,BC,v0,1,0.0,-25.2,,,
ADANIPORTS,BP,v2,1,0.0,-68.7,,,
ADANIPORTS,BP,v1,3,100.0,36.9,1,100.0,93.8
ADANIPORTS,BP,v0,4,75.0,-0.9,,,
ALKEM,BC,v2,3,100.0,74.9,1,100.0,131.6
ALKEM,BC,v1,5,60.0,-12.1,2,100.0,84.7
ALKEM,BC,v0,1,100.0,27.4,1,100.0,22.0
ALKEM,BC,vlc 0.30-0.40,2,100.0,35.1,7,85.7,7.6
ALKEM,BP,v2,3,100.0,179.3,1,100.0,78.0
ALKEM,BP,v1,1,100.0,72.4,4,100.0,56.4
ALKEM,BP,v0,1,100.0,21.0,,,
AMBER,BC,v1,,,,3,100.0,36.1
AMBER,BP,v2,,,,1,100.0,36.3
AMBER,BP,v1,,,,1,100.0,38.7
AMBUJACEM,BC,v1,3,66.7,26.7,,,
AMBUJACEM,BP,v1,1,100.0,34.4,,,
APLAPOLLO,BC,v1,,,,2,50.0,-41.0
APLAPOLLO,BC,v0,,,,1,100.0,30.6
APLAPOLLO,BP,v1,,,,1,100.0,93.0
APOLLOHOSP,BC,v2,4,100.0,68.8,2,50.0,-15.3
APOLLOHOSP,BC,v1,5,80.0,26.0,4,75.0,8.7
APOLLOHOSP,BC,v0,5,80.0,10.2,4,50.0,-33.3
APOLLOHOSP,BP,v2,7,85.7,17.9,1,100.0,80.1
APOLLOHOSP,BP,v1,8,75.0,1.1,1,100.0,41.7
APOLLOHOSP,BP,v0,3,66.7,-12.7,,,
APOLLOHOSP,BP,vlc 0.30-0.40,10,80.0,6.7,2,100.0,32.9
ASIANPAINT,BC,v2,4,75.0,21.5,,,
ASIANPAINT,BC,v1,11,90.9,28.7,3,33.3,-60.8
ASIANPAINT,BC,v0,4,100.0,26.5,,,
ASIANPAINT,BC,vlc 0.30-0.40,15,93.3,15.7,4,100.0,20.0
ASIANPAINT,BP,v2,6,83.3,42.3,1,100.0,42.9
ASIANPAINT,BP,v1,7,57.1,-7.5,,,
ASIANPAINT,BP,v0,7,85.7,14.9,2,50.0,-37.9
ASTRAL,BC,v2,6,83.3,52.8,,,
ASTRAL,BC,v1,2,100.0,39.7,1,100.0,35.7
ASTRAL,BC,v0,3,100.0,43.6,,,
ASTRAL,BP,v2,1,100.0,322.6,,,
ASTRAL,BP,v1,5,100.0,73.0,2,100.0,52.2
ASTRAL,BP,v0,,,,1,100.0,29.8
ATUL,BC,v2,2,100.0,68.5,,,
ATUL,BC,v1,8,87.5,32.5,,,
ATUL,BC,v0,2,100.0,47.8,,,
ATUL,BP,v2,5,100.0,73.3,,,
ATUL,BP,v1,1,100.0,33.4,,,
ATUL,BP,v0,1,100.0,22.6,,,
AUBANK,BC,v2,2,100.0,43.7,,,
AUBANK,BC,v1,,,,2,100.0,26.5
AUBANK,BC,v0,1,100.0,22.9,1,100.0,19.0
AUBANK,BP,v2,1,100.0,57.0,,,
AUBANK,BP,v1,3,66.7,5.5,1,100.0,365.6
AUBANK,BP,v0,1,100.0,25.3,,,
AUROPHARMA,BC,v1,3,100.0,71.0,3,66.7,-8.6
AUROPHARMA,BC,v0,1,100.0,27.4,1,0.0,-87.7
AUROPHARMA,BP,v2,1,0.0,-128.0,,,
AUROPHARMA,BP,v1,6,66.7,-5.0,,,
AUROPHARMA,BP,v0,1,100.0,43.1,,,
AXISBANK,BC,v2,1,100.0,92.0,,,
AXISBANK,BC,v1,2,50.0,-42.3,5,60.0,-19.9
AXISBANK,BC,v0,2,100.0,18.2,2,50.0,-2.2
AXISBANK,BP,v1,2,100.0,22.7,,,
AXISBANK,BP,v0,1,0.0,-104.7,,,
BAJAJ-AUTO,BC,v2,4,75.0,7.8,,,
BAJAJ-AUTO,BC,v1,8,87.5,44.5,3,66.7,-7.1
BAJAJ-AUTO,BC,v0,2,50.0,-14.1,,,
BAJAJ-AUTO,BP,v2,5,60.0,-8.9,2,50.0,-43.8
BAJAJ-AUTO,BP,v1,3,100.0,41.9,,,
BAJAJ-AUTO,BP,v0,2,100.0,43.4,3,100.0,25.5
BAJAJFINSV,BC,v2,4,100.0,160.4,,,
BAJAJFINSV,BC,v1,15,80.0,1.8,5,60.0,-15.0
BAJAJFINSV,BC,v0,7,100.0,32.8,1,100.0,37.8
BAJAJFINSV,BP,v2,3,100.0,84.9,,,
BAJAJFINSV,BP,v1,11,63.6,-23.2,1,100.0,29.2
BAJAJFINSV,BP,v0,1,100.0,25.0,,,
BAJAJFINSV,BP,vlc cell 0.25-0.30 Rs30-50,5,80.0,13.1,8,100.0,16.7
BAJAJHLDNG,BC,v1,,,,2,100.0,35.6
BAJAJHLDNG,BP,v1,,,,2,100.0,62.0
BAJFINANCE,BC,v1,6,66.7,-5.4,3,100.0,28.4
BAJFINANCE,BC,v0,1,100.0,22.5,,,
BAJFINANCE,BP,v2,6,83.3,8.5,,,
BAJFINANCE,BP,v1,7,85.7,11.9,,,
BAJFINANCE,BP,v0,6,83.3,5.1,,,
BALKRISIND,BC,v2,8,87.5,50.3,2,100.0,39.2
BALKRISIND,BC,v1,6,83.3,30.1,2,100.0,35.0
BALKRISIND,BC,v0,3,100.0,26.6,,,
BALKRISIND,BP,v2,3,100.0,56.9,,,
BALKRISIND,BP,v1,5,100.0,49.1,1,100.0,46.9
BALKRISIND,BP,v0,3,66.7,2.5,,,
BDL,BC,v1,,,,1,100.0,27.2
BDL,BC,v0,,,,1,100.0,39.5
BDL,BP,v2,,,,3,100.0,43.3
BDL,BP,v1,,,,2,50.0,-19.7
BDL,BP,v0,,,,1,100.0,21.6
BHARATFORG,BC,v1,7,71.4,8.8,,,
BHARATFORG,BC,v0,4,100.0,29.6,,,
BHARATFORG,BP,v1,4,75.0,9.9,,,
BHARATFORG,BP,v0,2,100.0,27.4,,,
BHARTIARTL,BC,v1,3,33.3,-43.6,2,100.0,23.7
BHARTIARTL,BC,v0,1,100.0,19.3,,,
BLUESTARCO,BC,v2,,,,1,100.0,181.3
BLUESTARCO,BC,v1,,,,1,0.0,-76.5
BLUESTARCO,BP,v2,,,,1,0.0,-103.2
BLUESTARCO,BP,v1,,,,1,100.0,238.2
BOSCHLTD,BC,v2,4,50.0,-25.6,2,50.0,-28.5
BOSCHLTD,BC,v1,4,75.0,17.0,3,100.0,93.8
BOSCHLTD,BC,v0,2,100.0,27.0,2,50.0,-32.7
BOSCHLTD,BP,v2,2,50.0,19.1,2,100.0,58.2
BOSCHLTD,BP,v1,4,75.0,18.2,1,0.0,-103.9
BOSCHLTD,BP,v0,,,,1,100.0,31.6
BPCL,BC,v1,1,100.0,49.2,,,
BRITANNIA,BC,v2,5,60.0,22.6,,,
BRITANNIA,BC,v1,2,100.0,63.7,2,50.0,25.9
BRITANNIA,BC,v0,1,100.0,31.8,,,
BRITANNIA,BC,vlc 0.30-0.40,5,80.0,11.7,4,100.0,23.6
BRITANNIA,BP,v2,3,66.7,-12.5,2,100.0,57.5
BRITANNIA,BP,v1,4,50.0,-7.4,,,
BRITANNIA,BP,v0,4,100.0,27.9,,,
BSE,BC,v2,,,,1,0.0,-89.2
BSE,BC,v1,,,,1,100.0,27.9
BSE,BP,v1,,,,1,100.0,42.6
CANBK,BC,v1,1,100.0,152.7,,,
CDSL,BP,v2,,,,1,100.0,51.5
CDSL,BP,v1,,,,2,50.0,-30.7
CHOLAFIN,BC,v2,1,0.0,-108.4,1,100.0,42.6
CHOLAFIN,BC,v1,4,50.0,-16.4,3,100.0,31.2
CHOLAFIN,BP,v1,2,50.0,-38.0,,,
CHOLAFIN,BP,v0,,,,1,100.0,27.0
CIPLA,BC,v2,2,50.0,10.3,1,100.0,32.8
CIPLA,BC,v1,4,75.0,10.2,5,80.0,8.0
CIPLA,BC,v0,2,100.0,23.3,1,100.0,19.3
CIPLA,BP,v1,4,100.0,30.2,1,100.0,33.9
CIPLA,BP,v0,1,100.0,15.6,1,100.0,18.2
COALINDIA,BP,v1,1,100.0,632.1,,,
COCHINSHIP,BC,v1,,,,1,100.0,24.6
COCHINSHIP,BC,v0,,,,1,100.0,34.4
COCHINSHIP,BP,v1,,,,2,50.0,-36.9
COFORGE,BC,v2,3,66.7,25.1,,,
COFORGE,BC,v1,2,100.0,91.7,1,100.0,22.4
COFORGE,BC,v0,2,100.0,22.3,,,
COFORGE,BC,vlc 0.30-0.40,8,87.5,17.2,1,100.0,18.9
COFORGE,BP,v1,4,100.0,52.5,2,100.0,41.2
COFORGE,BP,v0,2,100.0,29.5,1,100.0,25.7
COFORGE,BP,vlc 0.30-0.40,5,100.0,21.6,5,80.0,21.5
COLPAL,BC,v2,4,75.0,15.3,1,100.0,33.9
COLPAL,BC,v1,6,100.0,36.2,3,100.0,83.1
COLPAL,BC,v0,2,50.0,-28.9,2,100.0,25.6
COLPAL,BP,v2,3,66.7,3.1,1,100.0,30.1
COLPAL,BP,v1,3,0.0,-68.3,1,100.0,21.7
CONCOR,BC,v2,3,100.0,85.0,,,
CONCOR,BC,v1,3,100.0,47.8,,,
CONCOR,BP,v2,1,100.0,105.8,,,
CONCOR,BP,v1,2,100.0,65.8,,,
CONCOR,BP,v0,2,50.0,-14.2,,,
CUMMINSIND,BC,v2,7,71.4,32.4,1,100.0,37.5
CUMMINSIND,BC,v1,6,83.3,55.5,3,100.0,57.9
CUMMINSIND,BC,v0,2,100.0,43.3,,,
CUMMINSIND,BC,vlc 0.30-0.40,4,100.0,42.0,5,80.0,9.4
CUMMINSIND,BP,v2,1,100.0,223.3,,,
CUMMINSIND,BP,v1,1,100.0,105.3,,,
CUMMINSIND,BP,v0,1,100.0,25.0,,,
CUMMINSIND,BP,vlc 0.30-0.40,1,100.0,25.0,1,100.0,18.3
DABUR,BP,v2,1,100.0,251.7,,,
DALBHARAT,BC,v2,3,66.7,1.0,,,
DALBHARAT,BC,v1,2,100.0,29.8,3,100.0,100.1
DALBHARAT,BC,v0,2,100.0,39.7,,,
DALBHARAT,BP,v2,3,100.0,61.5,1,100.0,69.1
DALBHARAT,BP,v1,5,100.0,55.7,2,100.0,29.6
DALBHARAT,BP,v0,3,66.7,8.6,,,
DEEPAKNTR,BC,v2,,,,1,100.0,69.2
DEEPAKNTR,BC,v1,8,75.0,21.3,1,100.0,52.8
DEEPAKNTR,BC,v0,4,100.0,29.0,1,100.0,23.8
DEEPAKNTR,BP,v2,3,100.0,102.5,,,
DEEPAKNTR,BP,v1,7,85.7,42.3,,,
DEEPAKNTR,BP,v0,2,100.0,22.7,,,
DIVISLAB,BC,v2,3,100.0,147.0,,,
DIVISLAB,BC,v1,5,40.0,-60.7,5,60.0,-13.6
DIVISLAB,BC,v0,3,66.7,-18.3,6,66.7,-6.0
DIVISLAB,BP,v2,5,100.0,48.3,2,100.0,38.6
DIVISLAB,BP,v1,10,80.0,10.9,3,100.0,46.6
DIVISLAB,BP,v0,5,80.0,-1.4,,,
DIXON,BC,v2,4,25.0,-29.5,2,50.0,-26.6
DIXON,BC,v1,,,,1,100.0,40.4
DIXON,BC,v0,5,80.0,16.7,4,50.0,-28.4
DIXON,BP,v2,3,66.7,4.0,3,100.0,43.5
DIXON,BP,v1,3,66.7,-20.6,5,80.0,30.9
DIXON,BP,v0,,,,4,50.0,-13.0
DLF,BC,v2,1,100.0,194.1,,,
DLF,BC,v1,,,,1,0.0,-90.4
DLF,BP,v1,2,100.0,33.4,,,
DRREDDY,BC,v2,2,50.0,-15.5,,,
DRREDDY,BC,v1,7,85.7,29.2,4,100.0,31.7
DRREDDY,BC,v0,1,100.0,30.0,3,100.0,18.9
DRREDDY,BP,v2,3,33.3,-42.6,,,
DRREDDY,BP,v1,11,90.9,49.0,3,66.7,-10.1
DRREDDY,BP,v0,2,100.0,32.9,4,100.0,26.3
EICHERMOT,BC,v2,4,50.0,54.5,2,100.0,34.7
EICHERMOT,BC,v1,7,85.7,36.0,8,75.0,8.0
EICHERMOT,BC,v0,6,83.3,-27.5,4,100.0,30.4
EICHERMOT,BP,v2,5,80.0,45.7,,,
EICHERMOT,BP,v1,3,100.0,35.3,2,100.0,39.6
EICHERMOT,BP,v0,2,100.0,35.6,2,100.0,39.8
EICHERMOT,BP,vlc 0.30-0.40,8,100.0,22.6,4,100.0,36.8
GLENMARK,BC,v2,,,,1,100.0,39.4
GLENMARK,BC,v1,1,0.0,-107.8,3,100.0,47.4
GLENMARK,BC,v0,,,,1,0.0,-9.7
GLENMARK,BP,v2,1,100.0,107.1,,,
GLENMARK,BP,v1,1,100.0,142.8,,,
GODFRYPHLP,BC,v2,1,100.0,109.7,,,
GODFRYPHLP,BC,v1,,,,1,100.0,17.5
GODFRYPHLP,BC,v0,,,,1,100.0,17.2
GODREJCP,BC,v2,1,100.0,87.7,,,
GODREJCP,BC,v1,3,100.0,60.4,4,100.0,30.6
GODREJCP,BP,v1,2,50.0,166.6,2,50.0,-31.6
GODREJPROP,BC,v2,5,100.0,85.5,,,
GODREJPROP,BC,v1,6,100.0,37.4,4,100.0,65.7
GODREJPROP,BC,v0,2,100.0,28.3,4,75.0,-4.8
GODREJPROP,BP,v2,4,50.0,-2.5,1,100.0,46.2
GODREJPROP,BP,v1,5,80.0,30.0,2,100.0,73.0
GODREJPROP,BP,v0,1,100.0,43.6,1,100.0,28.0
GRASIM,BC,v2,5,80.0,32.3,1,100.0,40.7
GRASIM,BC,v1,,,,7,71.4,-3.7
GRASIM,BC,v0,3,66.7,-6.7,3,100.0,20.8
GRASIM,BP,v2,1,100.0,2229.6,2,100.0,70.6
GRASIM,BP,v1,5,80.0,25.9,1,100.0,36.5
GRASIM,BP,v0,3,100.0,32.2,1,0.0,-60.0
HAL,BC,v2,4,50.0,-4.5,,,
HAL,BC,v1,10,90.0,39.4,4,75.0,0.1
HAL,BC,v0,6,66.7,7.2,1,0.0,-101.7
HAL,BP,v2,3,100.0,33.8,,,
HAL,BP,v1,4,50.0,-68.2,3,100.0,103.3
HAL,BP,v0,3,100.0,33.6,,,
HAL,BP,vlc 0.30-0.40,5,100.0,28.3,3,100.0,23.7
HAVELLS,BC,v2,1,0.0,-73.1,,,
HAVELLS,BC,v1,3,100.0,45.1,5,100.0,42.1
HAVELLS,BC,v0,,,,2,100.0,25.4
HAVELLS,BP,v2,2,100.0,52.3,,,
HAVELLS,BP,v1,2,50.0,-55.8,,,
HAVELLS,BP,v0,4,100.0,28.5,,,
HDFCAMC,BC,v2,5,60.0,-3.8,1,100.0,53.1
HDFCAMC,BC,v1,1,100.0,47.4,1,0.0,-85.2
HDFCAMC,BC,v0,4,75.0,-4.8,3,66.7,-20.8
HDFCAMC,BP,v2,1,100.0,80.4,3,66.7,-12.3
HDFCAMC,BP,v1,6,83.3,10.4,,,
HDFCAMC,BP,v0,1,100.0,28.5,,,
HDFCLIFE,BC,v1,1,100.0,489.5,,,
HDFCLIFE,BC,v0,1,100.0,23.9,,,
HEROMOTOCO,BC,v2,1,100.0,81.6,,,
HEROMOTOCO,BC,v1,3,66.7,-3.4,3,100.0,31.8
HEROMOTOCO,BC,v0,1,100.0,22.8,1,100.0,36.3
HEROMOTOCO,BC,vlc 0.30-0.40,10,80.0,5.9,,,
HEROMOTOCO,BP,v2,5,80.0,7.0,1,100.0,48.3
HEROMOTOCO,BP,v1,11,63.6,14.9,1,100.0,35.9
HEROMOTOCO,BP,v0,2,100.0,28.9,2,100.0,25.8
HINDALCO,BC,v1,1,100.0,17.8,2,100.0,26.3
HINDALCO,BC,v0,1,100.0,14.6,,,
HINDUNILVR,BC,v2,6,83.3,54.6,,,
HINDUNILVR,BC,v1,3,66.7,10.2,4,100.0,33.6
HINDUNILVR,BC,v0,3,100.0,33.0,,,
HINDUNILVR,BC,vlc 0.30-0.40,4,100.0,22.0,3,100.0,23.9
HINDUNILVR,BP,v2,3,66.7,18.0,,,
HINDUNILVR,BP,v1,10,70.0,1.6,,,
HINDUNILVR,BP,v0,4,75.0,20.1,,,
HINDUNILVR,BP,vlc cell 0.25-0.30 Rs30-50,11,100.0,17.4,4,100.0,17.4
HYUNDAI,BC,v2,,,,1,100.0,58.0
ICICIBANK,BC,v1,,,,6,66.7,-15.7
ICICIBANK,BC,v0,,,,3,66.7,-16.8
ICICIBANK,BP,v1,1,100.0,15.2,,,
ICICIGI,BC,v2,2,100.0,47.5,,,
ICICIGI,BC,v1,6,100.0,39.3,1,100.0,43.7
ICICIGI,BC,v0,1,100.0,28.2,,,
ICICIGI,BP,v2,1,0.0,-98.9,,,
ICICIGI,BP,v1,6,100.0,65.1,,,
ICICIGI,BP,v0,,,,1,100.0,19.8
ICICIPRULI,BC,v2,1,0.0,-123.6,,,
ICICIPRULI,BC,v1,1,100.0,11.2,,,
ICICIPRULI,BP,v1,1,0.0,-110.9,,,
IEX,BC,v2,1,100.0,79.5,,,
IEX,BP,v1,1,0.0,-106.7,,,
INDHOTEL,BC,v1,2,100.0,46.7,,,
INDIAMART,BC,v2,1,100.0,50.3,,,
INDIAMART,BC,v1,6,100.0,164.7,,,
INDIAMART,BC,v0,1,0.0,-102.5,,,
INDIAMART,BC,vlc 0.30-0.40,5,80.0,22.3,1,100.0,23.9
INDIAMART,BP,v2,4,75.0,39.4,1,0.0,-103.6
INDIAMART,BP,v1,2,100.0,135.7,,,
INDIAMART,BP,v0,2,100.0,55.6,,,
INDIANB,BC,v1,,,,3,100.0,34.7
INDIANB,BC,v0,,,,1,100.0,19.0
INDIANB,BP,v1,,,,1,0.0,-106.7
INDIGO,BC,v2,10,80.0,47.8,1,100.0,36.6
INDIGO,BC,v1,6,100.0,64.1,5,100.0,32.5
INDIGO,BC,v0,1,100.0,20.8,,,
INDIGO,BP,v2,5,80.0,-9.4,2,100.0,66.0
INDIGO,BP,v1,11,100.0,49.5,,,
INDIGO,BP,v0,1,100.0,30.8,,,
INDUSINDBK,BC,v2,2,100.0,73.2,,,
INDUSINDBK,BC,v1,3,66.7,1.3,5,60.0,-6.1
INDUSINDBK,BC,v0,3,100.0,23.2,3,100.0,19.5
INDUSINDBK,BP,v2,1,100.0,53.9,,,
INDUSINDBK,BP,v1,9,100.0,30.1,,,
INDUSINDBK,BP,v0,4,75.0,17.0,,,
INDUSTOWER,BP,v0,1,0.0,-109.2,,,
INFY,BC,v2,1,100.0,71.6,,,
INFY,BC,v1,2,100.0,47.9,2,100.0,21.6
INFY,BC,v0,3,66.7,-6.2,,,
INFY,BP,v1,5,80.0,-9.4,1,100.0,15.8
INFY,BP,v0,3,66.7,-2.1,2,50.0,-30.4
JSWSTEEL,BC,v1,4,100.0,33.4,6,83.3,8.3
JSWSTEEL,BC,v0,1,100.0,33.2,2,100.0,27.3
JSWSTEEL,BP,v1,1,100.0,19.7,2,100.0,50.5
JUBLFOOD,BC,v2,3,66.7,-1.3,,,
JUBLFOOD,BC,v1,2,50.0,30.1,,,
JUBLFOOD,BC,v0,1,0.0,-23.5,,,
JUBLFOOD,BP,v2,2,50.0,12.1,,,
JUBLFOOD,BP,v1,6,100.0,62.9,,,
JUBLFOOD,BP,v0,2,50.0,-33.3,,,
KAYNES,BC,v1,,,,2,50.0,-15.5
KAYNES,BP,v2,,,,2,50.0,-31.7
KAYNES,BP,v1,,,,2,100.0,38.1
KAYNES,BP,v0,,,,4,75.0,-7.5
KEI,BC,v1,,,,1,0.0,-104.3
KEI,BP,v2,,,,1,100.0,38.5
KEI,BP,v1,,,,1,0.0,-78.4
KFINTECH,BP,v1,,,,1,100.0,62.6
KOTAKBANK,BC,v2,2,50.0,-36.7,,,
KOTAKBANK,BC,v1,4,75.0,-13.6,,,
KOTAKBANK,BC,v0,2,100.0,22.2,,,
KOTAKBANK,BP,v2,2,50.0,19.6,,,
KOTAKBANK,BP,v1,12,100.0,36.2,,,
KOTAKBANK,BP,v0,5,100.0,26.0,,,
LAURUSLABS,BC,v2,,,,1,0.0,-105.1
LICHSGFIN,BC,v1,1,100.0,91.5,,,
LICHSGFIN,BP,v1,1,100.0,69.3,,,
LT,BC,v2,2,50.0,8.3,5,60.0,-15.0
LT,BC,v1,5,100.0,40.0,4,75.0,4.8
LT,BC,v0,2,50.0,-31.3,6,83.3,11.8
LT,BC,vlc 0.30-0.40,8,87.5,17.8,9,88.9,13.9
LT,BP,v2,2,100.0,80.3,2,100.0,38.3
LT,BP,v1,7,100.0,45.2,1,0.0,-105.2
LT,BP,v0,4,100.0,31.8,2,100.0,23.1
LTM,BC,v1,,,,1,100.0,41.6
LTM,BC,v0,,,,2,100.0,23.9
LTM,BP,v2,,,,2,100.0,56.7
LTM,BP,v1,,,,3,100.0,73.2
LTM,BP,v0,,,,1,100.0,30.3
LUPIN,BC,v2,2,100.0,64.2,3,66.7,18.3
LUPIN,BC,v1,7,57.1,-14.7,5,100.0,34.8
LUPIN,BC,v0,2,100.0,15.7,,,
LUPIN,BP,v2,1,100.0,111.1,,,
LUPIN,BP,v1,5,80.0,8.0,4,100.0,37.7
LUPIN,BP,v0,2,50.0,-17.3,,,
M&M,BC,v1,2,100.0,40.8,2,100.0,32.5
M&M,BC,v0,3,66.7,-1.6,1,100.0,22.4
M&M,BC,vlc 0.30-0.40,5,80.0,6.0,,,
M&M,BP,v2,,,,1,100.0,34.2
M&M,BP,v1,7,85.7,23.7,,,
M&M,BP,v0,1,100.0,20.1,2,100.0,28.4
MANKIND,BC,v2,,,,1,100.0,44.7
MANKIND,BC,v0,,,,1,0.0,-69.7
MANKIND,BP,v2,,,,1,100.0,41.5
MANKIND,BP,v1,,,,3,100.0,58.7
MARICO,BC,v1,1,100.0,35.2,,,
MARUTI,BC,v2,1,100.0,37.8,,,
MARUTI,BC,v1,3,100.0,93.6,6,83.3,13.9
MARUTI,BC,v0,,,,4,75.0,-6.2
MARUTI,BP,v2,2,100.0,35.6,,,
MARUTI,BP,v1,4,75.0,4.9,1,100.0,25.7
MARUTI,BP,v0,3,66.7,-13.4,,,
MAZDOCK,BC,v2,,,,1,100.0,44.2
MAZDOCK,BC,v1,,,,1,0.0,-103.8
MAZDOCK,BC,v0,,,,2,50.0,-40.9
MAZDOCK,BP,v1,,,,3,66.7,35.7
MAZDOCK,BP,v0,,,,4,75.0,5.9
MCX,BC,v2,4,50.0,1.4,2,50.0,-17.9
MCX,BC,v1,3,66.7,-65.7,2,100.0,36.6
MCX,BC,v0,1,100.0,30.0,1,100.0,28.5
MCX,BP,v2,3,100.0,45.9,,,
MCX,BP,v1,5,100.0,20.4,,,
MCX,BP,v0,1,0.0,-102.4,1,100.0,27.9
MFSL,BC,v2,1,0.0,-106.6,,,
MFSL,BC,v1,3,100.0,57.9,,,
MFSL,BP,v1,1,100.0,49.8,,,
MPHASIS,BC,v2,7,85.7,42.5,1,100.0,46.7
MPHASIS,BC,v1,2,100.0,36.9,4,75.0,-4.6
MPHASIS,BC,v0,1,100.0,45.2,1,100.0,40.2
MPHASIS,BP,v2,1,100.0,60.2,,,
MPHASIS,BP,v1,3,66.7,-9.2,1,100.0,101.5
MPHASIS,BP,v0,2,100.0,29.6,,,
MRF,BC,v2,7,100.0,92.6,,,
MRF,BC,v1,7,85.7,41.8,1,100.0,23.1
MRF,BC,v0,7,85.7,10.2,,,
MRF,BP,v2,2,100.0,159.3,,,
MRF,BP,v1,4,75.0,23.5,,,
MRF,BP,v0,2,100.0,38.4,,,
MUTHOOTFIN,BC,v2,1,100.0,1098.8,1,100.0,58.8
MUTHOOTFIN,BC,v1,7,100.0,30.1,3,66.7,7.9
MUTHOOTFIN,BC,v0,2,100.0,40.9,3,100.0,32.6
MUTHOOTFIN,BC,vlc 0.30-0.40,3,100.0,23.9,6,83.3,18.2
MUTHOOTFIN,BP,v2,2,0.0,-65.1,1,100.0,33.5
MUTHOOTFIN,BP,v1,9,100.0,43.3,1,100.0,61.4
MUTHOOTFIN,BP,v0,2,100.0,25.7,,,
NAUKRI,BC,v2,4,75.0,14.3,,,
NAUKRI,BC,v1,3,66.7,16.5,,,
NAUKRI,BC,v0,,,,1,100.0,30.4
NAUKRI,BP,v2,2,100.0,50.0,,,
NAUKRI,BP,v1,4,75.0,27.1,,,
NAVINFLUOR,BC,v2,5,80.0,28.0,,,
NAVINFLUOR,BC,v1,4,100.0,61.7,1,100.0,39.0
NAVINFLUOR,BP,v2,8,87.5,77.5,,,
NAVINFLUOR,BP,v1,3,100.0,33.9,1,100.0,36.7
NESTLEIND,BC,v2,6,100.0,87.3,,,
NESTLEIND,BC,v1,5,80.0,49.5,3,100.0,20.9
NESTLEIND,BC,v0,2,50.0,-35.0,1,0.0,-54.1
NESTLEIND,BP,v2,2,100.0,67.3,,,
NESTLEIND,BP,v1,6,83.3,117.3,1,100.0,69.2
NESTLEIND,BP,v0,2,100.0,56.8,,,
OBEROIRLTY,BC,v2,2,100.0,77.1,,,
OBEROIRLTY,BC,v1,,,,1,100.0,31.1
OBEROIRLTY,BP,v2,2,50.0,62.3,,,
OBEROIRLTY,BP,v1,1,100.0,51.4,7,71.4,2.9
PAGEIND,BC,v2,5,60.0,61.0,1,100.0,107.6
PAGEIND,BC,v1,8,100.0,46.7,1,0.0,-60.1
PAGEIND,BC,v0,2,100.0,32.4,1,0.0,-72.5
PAGEIND,BP,v2,4,75.0,40.7,,,
PAGEIND,BP,v1,2,100.0,84.4,2,100.0,45.1
PAGEIND,BP,v0,1,100.0,52.5,1,100.0,25.0
PAYTM,BC,v1,,,,1,100.0,14.6
PERSISTENT,BC,v2,4,75.0,7.1,,,
PERSISTENT,BC,v1,7,85.7,39.7,2,100.0,45.8
PERSISTENT,BP,v2,2,100.0,62.0,,,
PERSISTENT,BP,v1,3,66.7,23.3,4,75.0,46.5
PERSISTENT,BP,vlc 0.30-0.40,1,100.0,17.0,1,100.0,32.8
PFC,BC,v1,1,100.0,34.3,,,
PHOENIXLTD,BC,v1,,,,1,100.0,35.7
PHOENIXLTD,BC,v0,,,,1,0.0,-52.5
PIDILITIND,BC,v2,2,100.0,63.8,,,
PIDILITIND,BC,v1,3,100.0,84.0,3,33.3,-49.1
PIDILITIND,BC,v0,1,100.0,19.9,,,
PIDILITIND,BP,v2,3,66.7,38.1,,,
PIDILITIND,BP,v1,10,100.0,60.2,1,100.0,114.4
PIIND,BC,v2,2,0.0,-78.2,,,
PIIND,BC,v1,2,100.0,77.7,1,100.0,39.8
PIIND,BC,v0,,,,3,66.7,-11.7
PIIND,BP,v2,3,100.0,55.4,1,100.0,31.1
PIIND,BP,v1,,,,2,100.0,79.4
PIIND,BP,v0,2,50.0,-46.4,,,
POLICYBZR,BC,v1,,,,2,100.0,39.2
POLICYBZR,BC,v0,,,,2,100.0,23.7
POLICYBZR,BP,v1,,,,1,100.0,37.4
POLYCAB,BC,v2,4,75.0,13.8,,,
POLYCAB,BC,v1,3,66.7,51.9,1,0.0,-102.9
POLYCAB,BP,v2,1,100.0,54.2,,,
POLYCAB,BP,v1,5,60.0,3.6,1,100.0,199.4
POLYCAB,BP,v0,1,100.0,34.4,,,
POWERINDIA,BC,v1,,,,2,50.0,-21.7
POWERINDIA,BC,v0,,,,2,100.0,33.1
POWERINDIA,BP,v1,,,,1,100.0,153.9
PRESTIGE,BC,v1,,,,1,100.0,23.7
RADICO,BC,v1,,,,1,100.0,31.9
RBLBANK,BP,v2,1,100.0,52.8,,,
RECLTD,BC,v2,1,100.0,1012.0,,,
RELIANCE,BC,v2,3,100.0,80.8,,,
RELIANCE,BC,v1,9,55.6,-21.0,5,60.0,-26.3
RELIANCE,BC,v0,7,71.4,-3.3,1,0.0,-102.9
RELIANCE,BP,v2,5,60.0,-27.0,,,
RELIANCE,BP,v1,12,66.7,-1.1,2,50.0,-39.9
RELIANCE,BP,v0,10,90.0,15.2,,,
SBICARD,BP,v2,2,100.0,197.4,,,
SBICARD,BP,v1,3,66.7,-4.2,,,
SBIN,BC,v1,1,100.0,22.9,3,100.0,22.7
SBIN,BP,v1,,,,3,66.7,-32.4
SBIN,BP,v0,,,,1,100.0,9.5
SHREECEM,BC,v2,3,100.0,49.6,1,0.0,-42.8
SHREECEM,BC,v1,5,80.0,23.9,,,
SHREECEM,BC,v0,4,100.0,24.8,,,
SHREECEM,BP,v2,8,87.5,39.3,,,
SHREECEM,BP,v1,2,50.0,-36.4,2,100.0,38.8
SHREECEM,BP,v0,1,100.0,26.2,,,
SHRIRAMFIN,BC,v2,2,100.0,96.3,,,
SHRIRAMFIN,BC,v1,5,100.0,36.9,4,75.0,8.0
SHRIRAMFIN,BC,v0,,,,2,100.0,25.3
SHRIRAMFIN,BP,v2,2,50.0,-11.5,,,
SHRIRAMFIN,BP,v1,,,,2,100.0,31.4
SHRIRAMFIN,BP,v0,1,100.0,21.7,,,
SIEMENS,BC,v2,6,66.7,53.1,,,
SIEMENS,BC,v1,8,87.5,33.0,,,
SIEMENS,BC,v0,1,0.0,-99.9,,,
SIEMENS,BP,v2,7,85.7,77.0,1,100.0,54.4
SIEMENS,BP,v1,4,100.0,110.1,,,
SOLARINDS,BC,v2,,,,1,100.0,40.3
SOLARINDS,BC,v1,,,,4,75.0,21.8
SOLARINDS,BC,v0,,,,3,100.0,24.0
SOLARINDS,BP,v2,,,,2,100.0,44.9
SOLARINDS,BP,v0,,,,2,50.0,-42.2
SRF,BC,v2,3,0.0,-109.6,1,0.0,-105.1
SRF,BC,v1,5,100.0,57.7,3,100.0,31.6
SRF,BC,v0,3,100.0,24.9,2,50.0,-40.6
SRF,BP,v2,4,75.0,45.1,1,100.0,23.1
SRF,BP,v1,6,83.3,35.9,2,100.0,42.4
SRF,BP,v0,4,75.0,10.3,,,
SUNPHARMA,BC,v1,1,100.0,19.1,4,75.0,27.6
SUNPHARMA,BC,v0,,,,1,0.0,-34.4
SUNPHARMA,BP,v1,1,100.0,126.8,,,
SUPREMEIND,BP,v1,,,,1,100.0,63.7
TATACONSUM,BC,v1,2,100.0,66.1,2,100.0,30.4
TATACONSUM,BC,v0,1,100.0,4.8,,,
TATACONSUM,BP,v1,3,66.7,9.8,,,
TATAELXSI,BC,v1,,,,1,0.0,-103.6
TATAELXSI,BP,v2,,,,3,100.0,44.6
TATAELXSI,BP,v1,1,0.0,-110.8,4,50.0,-21.4
TATAELXSI,BP,v0,1,100.0,27.7,2,100.0,25.8
TATASTEEL,BC,v1,2,100.0,20.3,,,
TATASTEEL,BC,v0,2,100.0,26.8,,,
TATASTEEL,BP,v1,2,50.0,-41.4,,,
TATASTEEL,BP,v0,2,100.0,28.0,,,
TIINDIA,BC,v2,,,,2,50.0,-11.6
TIINDIA,BC,v1,,,,3,100.0,70.5
TIINDIA,BP,v2,,,,2,50.0,8.6
TIINDIA,BP,v1,,,,4,100.0,52.3
TITAN,BC,v2,5,60.0,12.9,3,66.7,-9.4
TITAN,BC,v1,8,87.5,76.6,6,50.0,-30.1
TITAN,BC,v0,8,62.5,-12.2,4,50.0,-31.8
TITAN,BP,v2,5,60.0,-10.8,,,
TITAN,BP,v1,5,100.0,47.5,1,100.0,30.6
TITAN,BP,v0,4,100.0,32.1,2,100.0,33.6
TORNTPHARM,BC,v2,5,40.0,-40.4,1,100.0,53.1
TORNTPHARM,BC,v1,3,66.7,24.8,1,100.0,84.0
TORNTPHARM,BC,v0,5,100.0,43.8,1,100.0,27.5
TORNTPHARM,BP,v2,2,100.0,42.6,,,
TORNTPHARM,BP,v1,3,100.0,32.4,1,100.0,111.7
TORNTPHARM,BP,v0,4,100.0,29.4,1,100.0,20.1
TORNTPHARM,BP,vlc 0.30-0.40,2,100.0,26.6,2,100.0,17.4
TRENT,BC,v2,5,80.0,51.4,,,
TRENT,BC,v1,6,83.3,16.6,1,100.0,62.9
TRENT,BC,v0,4,100.0,29.4,2,100.0,36.4
TRENT,BP,v2,2,100.0,69.1,,,
TRENT,BP,v1,6,100.0,42.9,,,
TVSMOTOR,BC,v2,1,100.0,5.2,8,87.5,29.7
TVSMOTOR,BC,v1,6,100.0,61.7,3,100.0,37.6
TVSMOTOR,BC,v0,,,,1,100.0,23.1
TVSMOTOR,BP,v2,3,66.7,14.2,3,100.0,46.0
TVSMOTOR,BP,v1,2,50.0,-28.8,,,
TVSMOTOR,BP,v0,1,100.0,43.9,1,100.0,24.6
UBL,BC,v1,6,83.3,10.4,,,
UBL,BC,v0,3,100.0,31.6,,,
UBL,BP,v2,2,50.0,-21.6,1,100.0,81.4
UBL,BP,v1,5,100.0,47.2,1,100.0,87.9
UBL,BP,v0,3,100.0,33.1,,,
ULTRACEMCO,BC,v2,1,100.0,77.2,,,
ULTRACEMCO,BC,v1,6,83.3,22.5,3,66.7,-22.7
ULTRACEMCO,BC,v0,4,100.0,26.1,3,100.0,30.2
ULTRACEMCO,BC,vlc cell 0.25-0.30 Rs30-50,4,100.0,23.3,4,100.0,17.9
ULTRACEMCO,BP,v1,3,66.7,12.3,1,100.0,29.5
ULTRACEMCO,BP,v0,3,100.0,35.6,,,
UNITDSPR,BC,v1,,,,1,100.0,38.4
UPL,BC,v2,1,100.0,228.2,,,
UPL,BC,v1,1,0.0,-68.1,,,
UPL,BP,v2,2,50.0,52.2,,,
UPL,BP,v1,3,100.0,55.5,,,
VEDL,BC,v1,1,100.0,345.0,1,100.0,8.5
VEDL,BP,v1,,,,1,100.0,52.7
VOLTAS,BC,v2,1,100.0,71.7,,,
VOLTAS,BC,v1,5,80.0,27.3,,,
VOLTAS,BC,v0,2,100.0,28.3,,,
VOLTAS,BC,vlc 0.30-0.40,2,100.0,27.1,2,100.0,19.3
VOLTAS,BP,v2,1,100.0,45.7,,,
VOLTAS,BP,v1,2,50.0,-61.5,3,100.0,28.0
VOLTAS,BP,v0,2,100.0,31.2,1,100.0,28.8
WAAREEENER,BP,v1,,,,1,100.0,25.2
WIPRO,BC,v1,1,0.0,-132.0,,,
WIPRO,BC,v0,1,0.0,-109.3,,,
ZYDUSLIFE,BC,v1,1,100.0,46.9,3,66.7,-19.0
ZYDUSLIFE,BP,v1,1,100.0,108.4,1,100.0,17.8
