entry,sym,rank,net,reason,days,mom1,vol20,dist200,nifty_dist,pnl_d5,pnl_d10,win,volq
2018-08-31,INDIANB,1,-0.0572938629236972,sl,2,-0.06765975219267706,0.34168307069817616,0.0005009665971575927,0.09083491548763467,-0.03150664476631326,-0.04270568911452888,False,highV
2018-08-31,ASIANPAINT,2,-0.06214091040881409,sl,6,-0.05178872126189915,0.12533626139852766,0.10854698592863987,0.09083491548763467,-0.04149753551754132,-0.05121049579588277,False,lowV
2018-08-31,HDFCBANK,3,-0.05238263820365341,sl,12,-0.04706098204251996,0.10131759406504919,0.04186581659993438,0.09083491548763467,-0.005751967461673724,-0.03665375081225486,False,lowV
2018-08-31,INDUSINDBK,4,-0.052473857662229006,sl,12,-0.04146714468373147,0.1526262026621996,0.03974774081731991,0.09083491548763467,-0.01655637799806453,-0.01687024298380979,False,lowV
2018-08-31,MARUTI,5,-0.05281900975628384,sl,6,-0.03246078271009534,0.17833774223224916,0.01116902656340013,0.09083491548763467,-0.04315887636405291,-0.06793950994988263,False,lowV
2018-09-28,BAJFINANCE,1,0.020203201177444785,tp,1,-0.2605893655732966,0.3873144579789021,0.02223828981000775,0.012988885189647803,-0.08798638579707463,0.06434550639315617,True,highV
2018-09-28,HAVELLS,2,0.028502975442125655,tp,2,-0.16995964936691255,0.40227496650115446,0.04974161128406762,0.012988885189647803,-0.040315145419495324,0.008716788198809944,True,highV
2018-09-28,BRITANNIA,3,-0.06797835319906831,sl,4,-0.14823972168129007,0.3200844384115181,0.044652994285195424,0.012988885189647803,-0.048867995615837656,-0.027127003699136787,False,highV
2018-09-28,NESTLEIND,4,-0.022487120038573227,expiry,17,-0.14199201644243165,0.3471786962718755,0.06270213968070171,0.012988885189647803,-0.034536352165126294,-0.006468192496691616,False,highV
2018-09-28,BAJAJFINSV,5,-0.06195192243840897,sl,3,-0.1387536548923728,0.32100104804384144,0.04052294783057109,0.012988885189647803,-0.1033103127697722,-0.06112623680191265,False,highV
2018-11-30,DIVISLAB,1,0.04068549873100846,tp,2,-0.03657678780773732,0.2692432970428764,0.20526986576009887,0.013307159961657433,0.040642492090532834,0.042380836491325624,True,midV
2018-11-30,ADANIENT,2,-0.08913763960156951,sl,4,-0.024153166421207573,0.3972553686056754,0.048139102263955236,0.013307159961657433,-0.07395110172049502,-0.0452761847268337,False,highV
2018-11-30,WIPRO,3,0.03176419012459608,tp,2,-0.011705685618728978,0.3019349545810948,0.11250104815704032,0.013307159961657433,0.02953391785879078,0.027072758037224975,True,midV
2018-11-30,LUPIN,4,-0.0789184088597581,sl,6,0.005568181818181861,0.20262255489496134,0.05596154672292708,0.013307159961657433,-0.04684145101141368,-0.0454853655780314,False,lowV
2018-11-30,HCLTECH,5,0.019990681706719138,tp,2,0.01050649221924882,0.32439088884472933,0.03643061226668243,0.013307159961657433,-0.052770966159882304,-0.055419323197645864,True,highV
2018-12-28,AUROPHARMA,1,0.02931761308950931,tp,7,-0.07708901719434047,0.3537656261401455,0.08931956094715243,0.010787962395935491,0.0037123607864706365,0.06386635501168714,True,highV
2018-12-28,PIDILITIND,2,0.0256600505232768,tp,11,-0.04295643914864222,0.270371317882198,0.037929273042165645,0.010787962395935491,0.003789245759653337,0.005954529050884005,True,midV
2018-12-28,LUPIN,3,0.025515151515151602,tp,13,-0.02284425423630787,0.28774930214180394,0.003973467434145617,0.010787962395935491,-0.012014678030302983,-0.003196022727272596,True,midV
2018-12-28,RELIANCE,4,0.04631429580262181,tp,15,-0.01431306012355349,0.24887287971666602,0.061172816796290164,0.010787962395935491,-0.024010239661031774,-0.028203204307719276,True,midV
2018-12-28,DIVISLAB,5,0.031039787529180907,tp,9,-0.0023290353068251557,0.254507428852181,0.19480176142003414,0.010787962395935491,-0.005176438745474798,0.024190547078526192,True,midV
2019-02-01,FEDERALBNK,1,-0.056523423944476514,sl,8,-0.06439393939393945,0.2934141382966659,0.01482024944974314,0.004820820778980606,-0.02429149797570862,-0.06824754193175253,False,midV
2019-02-01,BAJAJFINSV,2,0.021839310013281543,tp,4,-0.042922538231784824,0.26288302698144994,0.006277148439469915,0.004820820778980606,0.011839285568782776,-0.014780773586904439,True,midV
2019-02-01,SBIN,3,-0.05555183301175237,sl,8,-0.026967059225123657,0.22319598932117346,0.02852761427959316,0.004820820778980606,0.0028065251710227557,-0.07349587791615497,False,lowV
2019-02-01,ICICIBANK,4,-0.019547140649149974,expiry,19,-0.021987082588978968,0.29730834888801283,0.10710463437702233,0.004820820778980606,-0.000983560488970081,-0.03639173809189278,False,midV
2019-02-01,PFC,5,0.034146846413095955,tp,12,-0.01563981042654039,0.2537881542611864,0.19056490212375676,0.004820820778980606,-0.030813673567645528,-0.003370245546461148,True,midV
2019-03-01,APOLLOHOSP,1,0.029859408671666476,tp,1,-0.1262333358439407,0.4697708872891954,0.029378457631528798,0.0034170205061898606,0.0417205413326438,-0.02986811481768803,True,highV
2019-03-01,NESTLEIND,2,0.01932336950070035,tp,7,-0.08446111910548071,0.244316113195976,0.009854321459127346,0.0034170205061898606,-0.020313872599064475,-0.0023504831548707417,True,lowV
2019-03-01,AUROPHARMA,3,0.03363203463203479,tp,5,-0.07676203768318213,0.32211597032870254,0.03681317272097728,0.0034170205061898606,0.03463203463203479,0.07249364392221525,True,highV
2019-03-01,INDIGO,4,0.052672817601135624,tp,1,-0.05149781218444971,0.2588778618305014,0.0726080065924668,0.0034170205061898606,0.155917317246274,0.17720901348474105,True,midV
2019-03-01,DRREDDY,5,0.021658354208652697,tp,11,-0.02485031039929475,0.3244712528246079,0.08969617994713164,0.0034170205061898606,-0.00589531576667357,0.0096622906974555,True,highV
2019-03-29,TECHM,1,0.01933485149785097,tp,2,-0.0650152941882084,0.1746720353555174,0.08205321488984074,0.0670229530661186,0.005516710500994337,0.013663480659439342,True,lowV
2019-03-29,HINDUNILVR,2,0.022823409342742074,tp,16,-0.03200858078356106,0.1432526673923516,0.004102020559877628,0.0670229530661186,-0.0246690383157403,0.0076689799965008465,True,lowV
2019-03-29,TCS,3,0.03563258215030285,tp,2,-0.009586549333857719,0.1963058834471292,0.023143764878048367,0.0670229530661186,0.025315199046957115,0.00608061153578876,True,lowV
2019-03-29,BAJAJ-AUTO,4,0.020489697790275874,tp,8,0.009745324522812071,0.15018458106605992,0.039924140720912105,0.0670229530661186,-0.0011109375271224353,0.044142408304258085,True,lowV
2019-03-29,NESTLEIND,5,-0.01827064895085906,expiry,17,0.02132863576256927,0.262730336046042,0.050981237371673815,0.0670229530661186,0.0019194639987325512,-0.001914936960999536,False,midV
2019-04-26,JUBLFOOD,1,-0.05966439371479404,sl,6,-0.08130192019610505,0.19710147535115508,0.024450284320641114,0.07077114284686159,-0.04669433738511708,-0.10532167210198651,False,lowV
2019-04-26,TORNTPHARM,2,-0.05610988079769508,sl,7,-0.0639591761190873,0.2913781598796508,0.02292774565096045,0.07077114284686159,-0.033500932150725915,-0.0641771651319134,False,midV
2019-04-26,POWERGRID,3,-0.05193555093555102,sl,10,-0.05384804524219322,0.12896759243543177,0.01569335985186915,0.07077114284686159,-0.0007796257796257589,-0.05093555093555102,False,lowV
2019-04-26,PNB,4,-0.05159021922428331,sl,5,-0.041487068965517127,0.30427073771333407,0.13662864061386903,0.07077114284686159,-0.050590219224283306,-0.06520517144463178,False,midV
2019-04-26,IOC,5,0.029136098509397024,tp,1,-0.034418022528160175,0.3017002207063396,0.05534039515418887,0.07077114284686159,0.0009721322099804919,-0.06480881399870386,True,midV
2019-05-31,TECHM,1,-0.055004336114578445,sl,17,-0.09463478467761133,0.23472846728422322,0.01981268035662942,0.07389937648905676,0.010183299389002087,-0.029827212403915504,False,lowV
2019-05-31,DRREDDY,2,-0.06234168624380054,sl,15,-0.08522795108389769,0.2793362450397455,0.02331595466798464,0.07389937648905676,-0.016388857814073066,-0.045456240444494034,False,midV
2019-05-31,DIVISLAB,3,0.0015374349978073418,expiry,18,-0.07322029961676935,0.42658650064683235,0.058167558887130655,0.07389937648905676,-0.019015099304554806,-0.03201553787356681,True,highV
2019-05-31,PNB,4,0.021881880024737232,tp,2,-0.0680115273775217,0.5365170905319613,0.025153345062051358,0.07389937648905676,-0.04081632653061218,-0.05936920222634501,True,highV
2019-05-31,HCLTECH,5,0.019387685290763845,tp,1,-0.06094740448860725,0.21236831800578385,0.05781304089285677,0.07389937648905676,0.00045610034207532735,-0.016191562143671567,True,lowV
2019-06-28,BANKBARODA,1,0.026777777777777678,tp,3,-0.10362504577078002,0.31784805796708737,0.0538664370661357,0.0643571125519109,0.06658496732026142,0.032271241830065245,True,highV
2019-06-28,ACC,2,0.020814116895560564,tp,11,-0.09143669655552655,0.30323747669075557,0.027835431434004354,0.0643571125519109,-0.014627914404343745,0.007505589268604229,True,midV
2019-06-28,INDIGO,4,0.046678235650317146,tp,4,-0.044665692363902165,0.23314192784350282,0.29852689186412507,0.0643571125519109,-0.0006692800458935055,-0.13704305701628583,True,lowV
2019-06-28,RELIANCE,5,0.019237623762376255,tp,4,-0.03922986187740185,0.20225924371486892,0.026184572605301826,0.0643571125519109,0.00217821782178218,0.013069306930693081,True,lowV
2019-07-26,PFC,1,-0.05241843971631199,sl,4,-0.1693667157584684,0.3059381645886004,0.03304507895514086,0.014958200738158789,-0.043439716312056675,-0.02659574468085102,False,midV
2019-07-26,TITAN,2,-0.060795863065666866,sl,6,-0.16706165594552924,0.46594498832505904,0.056491671813854616,0.014958200738158789,-0.03576912654683395,-0.03599494173968021,False,highV
2019-07-26,BAJAJFINSV,3,0.033812497851716805,tp,10,-0.13846509203762059,0.558317174149814,0.06508518741186697,0.014958200738158789,-0.025174440587082847,0.034812497851716806,True,highV
2019-07-26,RECLTD,4,-0.054786270346780075,sl,6,-0.13366033108522368,0.6374216290977707,0.06652375902450447,0.014958200738158789,-0.04387827317763637,0.015215852795470441,False,highV
2019-07-26,FEDERALBNK,5,-0.05167920585161978,sl,2,-0.1167512690355329,0.2763131378428962,0.03882288449744098,0.014958200738158789,-0.08150470219435735,-0.08045977011494254,False,midV
2019-09-27,APOLLOHOSP,2,0.02572147995888996,tp,8,-0.041118700513134154,0.20902932106740346,0.09297322066481284,0.027299648678069666,-0.0001417585143705935,0.053974554346670534,True,lowV
2019-09-27,POWERGRID,3,0.02240211373930545,tp,13,-0.039864701618748444,0.28077056784316423,0.01879280487195234,0.027299648678069666,-0.010065425264217387,0.01711122294916967,True,midV
2019-09-27,INFY,4,0.02290106369345135,tp,1,-0.0067464358452139495,0.27631042168419917,0.04953585981439779,0.027299648678069666,0.005767012687427853,-0.023068050749711633,True,midV
2019-09-27,BHARTIARTL,5,0.048247800170309385,tp,1,0.012065498419994158,0.3080996099378926,0.05046276418109841,0.027299648678069666,-0.025688333806414998,0.09367016747090551,True,midV
2019-11-01,MARICO,1,-0.025254742547425435,expiry,18,-0.05951318975404618,0.2773671116486994,0.0006671114076051143,0.05112413753373213,0.003929539295392859,-0.035094850948509504,False,midV
2019-11-01,ACC,2,-0.023363495546663282,expiry,18,-0.05811550151975675,0.3064732123751835,0.002805707203256791,0.05112413753373213,-0.026074609526268278,-0.033625919710855934,False,midV
2019-11-01,PIDILITIND,3,-0.05480108602457845,sl,6,-0.05470755099284075,0.23940382478916425,0.12290768585221334,0.05112413753373213,-0.03440268648185185,-0.06587596456130307,False,lowV
2019-11-01,ULTRACEMCO,4,0.026104904469260393,tp,18,-0.05180935969526579,0.33827524460141006,0.001046372212279545,0.05112413753373213,-0.007436811018914691,-0.011131303952748528,True,highV
2019-11-29,TITAN,1,0.019516782556442513,tp,4,-0.11532181507499517,0.3790914308572953,0.004621223130004459,0.05601479556161948,0.009528714911151148,0.02274873379689235,True,highV
2019-11-29,SIEMENS,2,0.020317763671543365,tp,13,-0.1090848605818665,0.23419448835617068,0.17716776448812643,0.05601479556161948,0.0026138022336128497,0.011235955056179803,True,lowV
2019-11-29,NMDC,3,0.02965693430656946,tp,1,-0.07265342960288801,0.35351355945297325,0.01604912634607958,0.05601479556161948,0.07591240875912408,0.11727493917274945,True,highV
2019-11-29,BRITANNIA,4,0.019537897310513475,tp,15,-0.06547038752132583,0.23398979809853146,0.051629163845109405,0.05601479556161948,0.00167889160554191,-9.77995110025276e-05,True,lowV
2019-11-29,ASIANPAINT,5,0.024067928828118146,tp,9,-0.058792795270177445,0.16303428448511623,0.12442363310024329,0.05601479556161948,0.005960206854237926,0.021737224997808724,True,lowV
2019-12-27,VOLTAS,1,0.019965643890121565,tp,5,-0.0705497475286252,0.1495875901741946,0.03337781072399326,0.06401336938185964,0.020965643890121566,0.05333231310735309,True,lowV
2019-12-27,SUNPHARMA,2,0.021198855006426043,tp,4,-0.06663031624863691,0.21852994362466466,0.0006330678890782426,0.06401336938185964,0.042177824512209305,0.03984110293258558,True,lowV
2019-12-27,HINDUNILVR,3,0.025144790153658003,tp,12,-0.06155391348016348,0.13528894226816604,0.05775282443427088,0.06401336938185964,-0.01279209030909978,0.0008154320515760816,True,lowV
2019-12-27,GODREJCP,5,0.02502176890362595,tp,7,-0.038533508905676195,0.2794886269739084,0.0340838447972307,0.06401336938185964,-0.004901607438910105,0.06746918474735097,True,midV
2020-01-31,NMDC,1,-0.12583631601920553,sl,1,-0.12856599467478125,0.4290649894118523,0.08292071895347597,0.02690869707368515,-0.049323439546049674,-0.11610650371017017,False,highV
2020-01-31,TATASTEEL,2,0.02555771195097034,tp,2,-0.09463625154130706,0.266452518489527,0.004357230180872085,0.02690869707368515,0.07252298263534218,-0.012030416524798526,True,midV
2020-01-31,RELIANCE,3,0.025398336446621594,tp,4,-0.08032154549285264,0.23172206621007668,0.03403330022371298,0.02690869707368515,0.013710217460261465,0.051492616219645404,True,lowV
2020-01-31,BPCL,4,0.04006866858026059,tp,2,-0.07675058607685259,0.27710950051181044,0.06837014578923806,0.02690869707368515,0.08578052550231852,0.05398542724663291,True,midV
2020-01-31,EICHERMOT,5,-0.05850305382614862,sl,6,-0.06447450879197836,0.29591507255155675,0.03008446188768299,0.02690869707368515,-0.026984494444006746,-0.07539256442588071,False,midV
2020-07-31,NESTLEIND,2,-0.030771132537228962,expiry,19,-0.014488927125205886,0.17627995941217606,0.051484591595292395,0.021288811927113738,0.012314833489363242,-0.011526154346314432,False,lowV
2020-07-31,BHARTIARTL,3,-0.0558279288230511,sl,11,-0.012575811630396116,0.24919139985817065,0.12025685665296071,0.021288811927113738,0.01454249841929367,-0.04326619094932693,False,midV
2020-07-31,GODREJCP,4,0.023821929635225447,tp,9,-0.004939862542955198,0.18412578249511086,0.07387600939052397,0.021288811927113738,-0.004676595438520725,-0.014605367292611082,True,lowV
2020-07-31,JUBLFOOD,5,0.043179725900653554,tp,2,0.0009840240796481492,0.3756110951126857,0.06524789666978359,0.021288811927113738,0.07638929046434972,0.07792170242294572,True,highV
2020-08-28,MUTHOOTFIN,1,-0.05307261351006465,sl,1,-0.06905537459283384,0.38687603232575496,0.3823442551029175,0.07829946625781137,-0.0713785864240728,-0.06738566665294543,False,highV
2020-08-28,BHARTIARTL,2,0.045833269744372296,tp,2,-0.05087814593518003,0.23248306450146505,0.027518260157940455,0.07829946625781137,0.0037199542159480625,-0.05761159862647858,True,lowV
2020-08-28,WIPRO,4,0.03737018088799571,tp,4,-0.035934472432623044,0.1369512327142959,0.1882469286975852,0.07829946625781137,0.011693769413484656,0.07527864059930578,True,lowV
2020-08-28,ACC,5,-0.05601837513825947,sl,1,-0.03184911395903145,0.14984701102357809,0.050023443542648094,0.07829946625781137,-0.06479466228993469,-0.05330574089271045,False,lowV
2020-09-25,JINDALSTEL,1,0.04464785937057003,tp,1,-0.1835648148148148,0.753872901113474,0.13978251385545093,0.025912317953103337,0.1219166430394103,0.09639920612418496,True,highV
2020-09-25,TATAPOWER,2,0.02155639097744355,tp,1,-0.13636363636363635,0.47715519891990965,0.11670864819479432,0.025912317953103337,0.017857142857142794,-0.0028195488721806106,True,highV
2020-09-25,AUROPHARMA,3,0.03707253752496309,tp,1,-0.11474194468206445,0.4655125220245167,0.2054124361786802,0.025912317953103337,0.09257231205308258,0.07943052245055715,True,highV
2020-09-25,MUTHOOTFIN,4,0.03878524229074898,tp,2,-0.08609771440553582,0.4521694785055215,0.1838241125936677,0.025912317953103337,0.06713472834067558,0.05240455212922179,True,highV
2020-09-25,MARUTI,5,0.03349784004849321,tp,1,-0.0829791725302561,0.31746206148186246,0.049026517124023394,0.025912317953103337,0.052398965678639,0.09699448310787462,True,highV
2020-10-30,HEROMOTOCO,1,0.04351762192951225,tp,2,-0.11201732340714743,0.3376871058082607,0.12966415012428212,0.08695215660314726,0.050053399786400776,0.11046635813456751,True,highV
2020-10-30,LUPIN,2,0.027660675142481383,tp,2,-0.0971699980209777,0.2580649412776943,0.07019111896199437,0.08695215660314726,0.007891275756247262,-0.007726874177992005,True,midV
2020-10-30,BALKRISIND,3,0.0220975228743584,tp,3,-0.09113650192684741,0.1969000154598987,0.1516201324067603,0.08695215660314726,0.08294279550695527,0.18325522576805775,True,lowV
2020-10-30,BRITANNIA,4,0.022247131800755215,tp,6,-0.08708019820150492,0.3076272208930435,0.03441371736293508,0.08695215660314726,0.011803052711686801,0.012262538948637935,True,midV
2020-10-30,TORNTPHARM,5,0.019728618741476578,tp,9,-0.08639470311832542,0.2523218398454956,0.059838550641359234,0.08695215660314726,0.00017533606078301567,0.06347165400350674,True,midV
2020-11-27,LUPIN,2,0.020496992648696977,tp,2,-0.04959508812787805,0.35802016340785087,0.0338178658880981,0.21089479743320894,0.08002895967921586,0.05385386500334155,True,highV
2020-11-27,MUTHOOTFIN,3,0.030069395559031764,tp,3,-0.041204899591700594,0.4325807368402831,0.13642648609997265,0.21089479743320894,0.02694129405118839,0.039673228175379105,True,highV
2020-11-27,RELIANCE,4,0.03130705864181638,tp,6,-0.03701132898683657,0.4521363838331935,0.106417254253238,0.21089479743320894,0.011095093445914639,0.02695258199042372,True,highV
2020-11-27,DABUR,5,0.02754017501988859,tp,8,-0.029530978575564637,0.1707123288373289,0.03682716041745282,0.21089479743320894,0.0042760540970563365,0.02655131264916455,True,lowV
2021-01-01,ACC,1,0.028539477707785532,tp,3,-0.054855491329479866,0.2756360053791908,0.1868540184437446,0.27799273521486123,0.07779340713106242,0.06898660632377229,True,midV
2021-01-01,AMBUJACEM,3,0.0415193721438506,tp,3,-0.045876777251184775,0.351865142511484,0.19421471425334302,0.27799273521486123,0.07689250943771109,0.05106298430359635,True,highV
2021-01-01,M&M,4,0.04618582388485304,tp,5,-0.024956970740103168,0.3063701705359593,0.33534116520733215,0.27799273521486123,0.04718582388485304,0.11725168035847644,True,midV
2021-01-01,BALKRISIND,5,0.019515151515151374,tp,2,-0.020568070519098924,0.25276245898704297,0.3030285740346286,0.27799273521486123,0.04751515151515151,0.0029393939393937973,True,midV
2021-01-29,SAIL,1,0.09448611111111116,tp,1,-0.17122302158273384,0.6397559354052238,0.4190250361839065,0.18737830143260847,0.13454861111111094,0.12934027777777768,True,highV
2021-01-29,KOTAKBANK,2,0.04754904236796287,tp,1,-0.14696635888803622,0.18666163459644275,0.16170447600082394,0.18737830143260847,0.14759141033081824,0.13456181079512475,True,lowV
2021-01-29,ASIANPAINT,3,0.020248888980756052,tp,2,-0.11578389443286907,0.3025206729877093,0.19831998901228332,0.18737830143260847,-0.012236714276855576,0.028462762768970196,True,midV
2021-01-29,DIVISLAB,4,0.025547106365406136,tp,1,-0.1088973583913787,0.18723320840482785,0.13835655857842077,0.18737830143260847,0.1338121644740724,0.0980030676656245,True,lowV
2021-01-29,BAJFINANCE,5,0.0676260102865539,tp,1,-0.10815086638645233,0.3220197988163368,0.35687413343853724,0.18737830143260847,0.15803505825548436,0.1732864490395718,True,highV
2021-02-26,MARUTI,1,0.04728240680372642,tp,2,-0.09127294989697643,0.2526316959884848,0.012398140555774484,0.20329831236389273,0.05173063270598788,0.03196853131655586,True,midV
2021-02-26,TCS,2,0.037948092127879085,tp,2,-0.09042586454880863,0.22612073308989783,0.13519979848154828,0.20329831236389273,0.037624613269164664,0.05888621519422488,True,lowV
2021-02-26,AUROPHARMA,3,0.019620353159851223,tp,1,-0.08774904620601953,0.24901536269272392,0.022276798544490717,0.20329831236389273,0.004182156133829107,-0.02654507434944231,True,midV
2021-02-26,BAJAJ-AUTO,4,0.03510816751049883,tp,2,-0.07785016286644952,0.21698720809267613,0.20537244418960965,0.20329831236389273,0.013161165404189212,-0.036840796996219005,True,lowV
2021-02-26,BALKRISIND,5,0.021696672437007014,tp,1,-0.06335575306269514,0.4995138557133569,0.09670510326128623,0.20329831236389273,0.029044046932102274,0.04936846829518493,True,highV
2021-03-26,BANKBARODA,1,0.04384933426769455,tp,1,-0.1919592298980748,0.5108303581577543,0.24580947059645197,0.1575094779333932,0.04484933426769455,-0.03854239663629988,True,highV
2021-03-26,PNB,2,0.05839226519337004,tp,2,-0.13397129186602863,0.4225320129550434,0.057127212995072174,0.1575094779333932,0.04143646408839774,-0.037292817679558055,True,highV
2021-03-26,SBIN,3,0.03535354516442346,tp,2,-0.11353013530135292,0.3070260852867373,0.4284468440184408,0.1575094779333932,0.0,-0.04551130845011808,True,midV
2021-03-26,INDUSINDBK,4,0.04149557337777321,tp,2,-0.10413361948306432,0.35389458568303883,0.2910947275704061,0.1575094779333932,-0.01104051661285288,-0.10238516821164467,True,highV
2021-03-26,DLF,5,0.02349849103497259,tp,1,-0.10044714148834255,0.3640925593308193,0.38130251456890374,0.1575094779333932,0.011539144328066797,-0.11610154447008691,True,highV
2021-04-30,DLF,1,0.041707493956486874,tp,5,-0.10526315789473684,0.6088905999774048,0.1565555427411809,0.12549742994131297,0.042707493956486875,0.04854955680902506,True,highV
2021-04-30,ULTRACEMCO,2,0.03278946200072952,tp,5,-0.0569138516292077,0.3799579660906228,0.23222294155786982,0.12549742994131297,0.03378946200072952,0.03994164935703304,True,highV
2021-04-30,HCLTECH,3,0.021115331453530062,tp,10,-0.05471934775791787,0.3134797301580842,0.05059155675689175,0.12549742994131297,0.016254768618344517,0.022115331453530063,True,midV
2021-04-30,IDFCFIRSTB,5,0.028493087557603602,tp,2,-0.049912434325744326,0.607065367475662,0.3365360926336536,0.12549742994131297,0.05069124423963123,0.035023041474654404,True,highV
2021-05-28,JINDALSTEL,1,0.027252134605725842,tp,1,-0.10456487519676183,0.5570950842294476,0.3942906563793085,0.15139326525945007,0.006403817177297766,0.0620291310899046,True,highV
2021-05-28,NAUKRI,2,0.021726260962471433,tp,4,-0.10401563575082506,0.302986327457767,0.049626179021704964,0.15139326525945007,0.023015625695588238,0.046142545519298306,True,midV
2021-05-28,CHOLAFIN,3,0.024624599615631015,tp,3,-0.06550927905584525,0.41593755322812426,0.38138711392240254,0.15139326525945007,0.04987645282328179,0.03404411091790971,True,highV
2021-05-28,HINDUNILVR,5,0.019728291316526536,tp,9,-0.03687716604063329,0.1954381057034016,0.03072589220752575,0.15139326525945007,0.006830424477483277,0.016720534367593354,True,lowV
2021-06-25,BHEL,1,0.03787195121951237,tp,8,-0.10443686006825947,0.5775732812983387,0.4794684287977624,0.14588712492535283,0.00838414634146356,0.015243902439024293,True,highV
2021-06-25,AUROPHARMA,2,0.04218467336683418,tp,5,-0.07208082378084324,0.2798945871369201,0.06538772551097227,0.14588712492535283,0.04318467336683418,-0.002774288107202816,True,midV
2021-06-25,ADANIPORTS,4,0.01986095025465706,tp,10,-0.04662764400691777,0.7130834477897896,0.26193547251044413,0.14588712492535283,-0.005860601409334976,0.020860950254657062,True,highV
2021-06-25,M&M,5,-0.05662235018667339,sl,21,-0.04328611212011135,0.20996944382611246,0.05474488362298846,0.14588712492535283,-0.018224387774473216,-0.030057584003037374,False,lowV
2021-07-30,BHEL,1,-0.05562184873949583,sl,6,-0.09711684370257978,0.3218623573295743,0.23821613634944727,0.09597065759941348,-0.031092436974789917,-0.06386554621848739,False,highV
2021-07-30,CHOLAFIN,2,0.10558569783268779,tp,1,-0.07361784675072747,0.19995492250981917,0.03594909304289318,0.09597065759941348,0.10972673018532109,0.05444456077897608,True,lowV
2021-07-30,BANKBARODA,3,0.03133830845771135,tp,2,-0.06674405107370862,0.25056320817192224,0.14776799097774407,0.09597065759941348,0.04228855721393021,0.00995024875621886,True,midV
2021-07-30,PNB,4,0.031786885245901675,tp,1,-0.06595995288574807,0.1794719142247562,0.08391082680663198,0.09597065759941348,-0.0012610340479192184,-0.046658259773013855,True,lowV
2021-07-30,IOC,5,0.02402453385672232,tp,1,-0.060829493087557585,0.10971248910047385,0.05717183192109099,0.09597065759941348,0.042688910696761395,0.02698724239450434,True,lowV
2021-08-27,SAIL,1,0.026789653698161664,tp,1,-0.12560747663551397,0.5276675184660445,0.26000624885527435,0.12726318321554042,0.03676784950833678,0.01624625908507893,True,highV
2021-08-27,NMDC,2,0.0202418300653594,tp,1,-0.12195121951219512,0.49674977207649573,0.06780938555595872,0.12726318321554042,0.01437908496732021,-0.005882352941176561,True,highV
2021-08-27,JINDALSTEL,3,0.026915716011273516,tp,1,-0.11297619047619045,0.4415289656647041,0.06785256440114051,0.12726318321554042,0.058113004965776316,0.08669977184270561,True,highV
2021-08-27,BHEL,4,0.022897058823529437,tp,5,-0.09859154929577474,0.39407975989208865,0.07544418909234674,0.12726318321554042,0.023897058823529438,0.016544117647058876,True,highV
2021-08-27,JSWSTEEL,5,0.021551403935441082,tp,5,-0.06116377222721914,0.36720336368169293,0.25163441648737095,0.12726318321554042,0.022551403935441083,0.026604760851941966,True,highV
2021-10-01,APOLLOHOSP,1,0.020378283693182397,tp,1,-0.11417920066627674,0.36840867508441,0.31031736143738153,0.13967641295589894,-0.015434896970103917,-0.02660533002025889,True,highV
2021-10-01,TATASTEEL,2,0.01974943428067355,tp,1,-0.07725792751981875,0.4271305695149324,0.28546738520314774,0.13967641295589894,-0.00011506155793361561,0.08487707590227433,True,highV
2021-10-01,ACC,3,0.030646980164920845,tp,9,-0.07541726766948276,0.18724144338665408,0.13117466451103987,0.13967641295589894,0.002228660574994379,0.03102295520392251,True,lowV
2021-10-01,TATACONSUM,4,0.020682405566600504,tp,3,-0.07398458175123701,0.13137470056734973,0.15757379838611385,0.13967641295589894,0.018886679920477212,0.053305168986083507,True,lowV
2021-10-01,DIVISLAB,5,0.07978313875400345,tp,1,-0.07273284665938573,0.21788624370879642,0.16015065297579434,0.13967641295589894,0.05260874057237319,0.10531046595722682,True,lowV
2021-10-29,COALINDIA,1,0.03151291400790035,tp,1,-0.11460855528652125,0.36358900935726723,0.11276980272089299,0.122091637135328,0.045882710422364026,-0.026131874810088163,True,highV
2021-10-29,HCLTECH,2,0.03847540412182482,tp,1,-0.10238961242129152,0.2675084168131593,0.10420312603364179,0.122091637135328,0.035902575051196095,0.023789813080040023,True,midV
2021-10-29,TCS,3,0.02371251739544411,tp,1,-0.10003559516433103,0.26955322797838904,0.027275585091118604,0.122091637135328,0.03162674869991933,0.04164652457335394,True,midV
2021-10-29,JUBLFOOD,4,0.046994172714274085,tp,5,-0.09022408757332556,0.5126234201014664,0.12215631295043505,0.122091637135328,0.047994172714274086,0.07853346642566184,True,highV
2021-10-29,TORNTPHARM,5,0.042203408773400564,tp,17,-0.08832707126026873,0.36654284923114266,0.016279659348254594,0.122091637135328,0.01732327465772565,-0.02044914780664986,True,highV
2021-11-26,BHEL,1,0.01997315436241609,tp,4,-0.16991643454038996,0.5221858598030141,0.00369649969266006,0.059264741502650375,0.019295302013422777,0.08808724832214754,True,highV
2021-11-26,HINDALCO,2,0.03329322499701293,tp,4,-0.1374832526022879,0.36838370658878683,0.037116990737326994,0.059264741502650375,0.019357151392042082,0.09212570199545955,True,highV
2021-11-26,BAJFINANCE,3,0.02903284842796816,tp,2,-0.13442706184749154,0.29213741201623883,0.0834681769951211,0.059264741502650375,0.041177850774284375,0.09515778977006106,True,midV
2021-11-26,FEDERALBNK,4,0.022072594259988976,tp,8,-0.12934835864772176,0.30120067091350966,0.03968592942773386,0.059264741502650375,0.006190208216094728,0.045019696117051256,True,midV
2021-11-26,BALKRISIND,5,0.027223765929061172,tp,8,-0.12699305192979649,0.3219791421033425,0.014291042081739258,0.059264741502650375,0.015181487785802972,0.03625155265216007,True,highV
2021-12-31,APOLLOHOSP,1,-0.08404985569914014,sl,12,-0.10303078825402745,0.36473609481736685,0.2351890262695875,0.06354730177625911,-0.00253890172665161,-0.010185359661215365,False,highV
2021-12-31,BAJAJFINSV,2,0.035681384599956956,tp,1,-0.07817437196064825,0.278171681175862,0.15193145868326208,0.06354730177625911,0.08346070980348075,0.10843358849144735,True,midV
2021-12-31,IOC,3,0.021767857142857117,tp,2,-0.07284768211920523,0.2293426157104118,0.0063797286368945105,0.06354730177625911,0.059374999999999956,0.10223214285714288,True,lowV
2021-12-31,BANKBARODA,4,0.022086269744835962,tp,1,-0.07005649717514129,0.37232970999441445,0.00043457516478895286,0.06354730177625911,0.06682867557715677,0.1427703523693804,True,highV
2021-12-31,GODREJPROP,5,0.02613693387199667,tp,3,-0.0698410343889837,0.36879426020780587,0.10618268919938623,0.06354730177625911,0.009594939400382696,0.04579523708271305,True,highV
2022-01-28,TECHM,1,0.04451067207620396,tp,1,-0.208173869318658,0.3085947005413672,0.05839546202443868,0.028161520956093478,0.025542423707884954,0.0052919386135121815,True,midV
2022-01-28,INFY,2,0.02818391484328797,tp,1,-0.10122511892423403,0.24544790736608268,0.03395828397165923,0.028161520956093478,0.03081017149615617,0.01862803075103492,True,midV
2022-01-28,APOLLOHOSP,3,0.038325780233708584,tp,3,-0.09592497285995727,0.3788302028219299,0.05668231641127219,0.028161520956093478,0.04288366818247513,0.004480715135477542,True,highV
2022-01-28,MPHASIS,4,0.022950422461123776,tp,1,-0.08211117146478375,0.3435905660471783,0.12682818537485052,0.028161520956093478,0.006706775816155419,-0.013413551632310838,True,highV
2022-01-28,ASIANPAINT,5,0.025552359586571538,tp,2,-0.07343617763656074,0.2415049366216482,0.010784645370568446,0.028161520956093478,0.03805784792885181,0.030526400128194853,True,lowV
2022-04-01,HINDALCO,2,0.02151898402723218,tp,1,-0.04739336492891,0.46277744936714554,0.209145687966114,0.03616395292482477,0.018242122719734466,-0.05332984201798041,True,highV
2022-04-01,TITAN,3,-0.009894235509889993,expiry,17,-0.021685863672319727,0.3423019781635962,0.13541860262028282,0.03616395292482477,-0.0039836708935649945,-0.029266176267576438,False,highV
2022-04-01,MARUTI,4,0.021977035923487764,tp,12,-0.015407386613756291,0.3946362798785535,0.02688124213718357,0.03616395292482477,-0.014832046031828305,-0.03389533979575954,True,highV
2022-04-01,SIEMENS,5,0.02471644676023177,tp,1,0.0007148563979648692,0.25838157654228094,0.06218796303766205,0.03616395292482477,0.06389192369106644,0.0011135389528529327,True,midV
2022-07-29,RELIANCE,2,0.021839665547853992,tp,1,-0.028648043830542425,0.20624599876616687,0.004104582345160868,0.009389259161411756,0.008917399853031638,0.05229290381521712,True,lowV
2022-07-29,POWERGRID,3,0.02078496134926222,tp,1,0.005180127148575409,0.20020587093828604,0.009727108772137116,0.009389259161411756,0.03865073787772322,0.06301241508550026,True,lowV
2022-07-29,ASHOKLEY,4,0.03434511503834614,tp,1,0.015577378936674435,0.2331594428995051,0.14056872506550921,0.009389259161411756,-0.030010003334444812,0.0013337779259754434,True,lowV
2022-08-26,BRITANNIA,2,0.02597839274759728,tp,2,-0.03911397545224715,0.14696262402135407,0.04482045446663063,0.038744256089212614,0.0040624360984253816,0.006093654147638183,True,lowV
2022-08-26,HINDUNILVR,3,0.030277771338047432,tp,2,0.013847811184017234,0.1638384631184967,0.12071308894028188,0.038744256089212614,0.009311850392179633,0.00185464240176203,True,lowV
2022-08-26,TATACONSUM,4,0.04265054795368706,tp,3,0.018219644433236537,0.23506322246916084,0.0652362386100156,0.038744256089212614,0.04049284874001624,0.02736672651848182,True,lowV
2022-08-26,MARICO,5,0.019819277108433675,tp,3,0.018454893491705038,0.1741085571496066,0.016146195769012106,0.038744256089212614,0.00857831325301217,0.011855421686747025,True,lowV
2022-09-30,ABB,1,0.029847004652810205,tp,3,-0.08003910126338543,0.26817677585712346,0.2600353486644511,0.0062155572619779775,0.04379115483071172,0.03271456860882571,True,midV
2022-09-30,COALINDIA,2,0.047757618377871514,tp,2,-0.07881667026560135,0.23124499385276792,0.14018746542153004,0.0062155572619779775,0.07876230661040773,0.11462728551336143,True,lowV
2022-09-30,CHOLAFIN,3,-0.024616688218879745,expiry,17,-0.07445669291338586,0.31259296382316343,0.08440106085760912,0.0062155572619779775,-0.0039474579731845205,-0.0019056693663649371,False,midV
2022-09-30,ASHOKLEY,4,0.022755287992190065,tp,3,-0.05995717344753737,0.2695968220838175,0.13645398988544866,0.0062155572619779775,0.006833712984054552,-0.03286690530426306,True,midV
2022-09-30,SIEMENS,5,0.03789917492045791,tp,12,-0.05321828516967897,0.2627191351022234,0.11195582878346766,0.0062155572619779775,0.0006111700310977852,-0.011090938505509684,True,midV
2022-10-28,PIDILITIND,1,0.02575676200462118,tp,2,-0.08132358187656075,0.2136199445576376,0.04839095469919408,0.04842796443540576,0.02768878274208264,0.03409642531212986,True,lowV
2022-10-28,ADANIENT,2,0.07311287546582446,tp,2,-0.0602919666966697,0.38172424821690115,0.385081143964215,0.04842796443540576,0.15481090141730403,0.21062005178322885,True,highV
2022-10-28,HINDUNILVR,3,0.010043479984931714,expiry,18,-0.05860723818056257,0.22527740768624785,0.06693850819416891,0.04842796443540576,0.006106628070662534,-0.01998532823125887,True,lowV
2022-10-28,GODREJCP,4,0.019256502457149716,tp,11,-0.05536684782608703,0.28023829361370683,0.008183408899759437,0.04842796443540576,0.00047944384513964877,0.016301090734747614,True,midV
2022-11-25,EICHERMOT,1,-0.06359641973511865,sl,19,-0.07388936812594349,0.2552533598498767,0.1524027958891876,0.09319117507600794,-0.027637898413622408,-0.018367049919953415,False,midV
2022-11-25,POLYCAB,2,0.04556082602282452,tp,5,-0.06979599205632792,0.19990058353395032,0.05223818110897138,0.09319117507600794,0.04656082602282452,0.06346556944336612,True,lowV
2022-11-25,BAJFINANCE,4,-0.06495993508543907,sl,20,-0.04132376855873676,0.18710754046052164,0.011117923885976433,0.09319117507600794,-0.011051630574464455,-0.035534113189258254,False,lowV
2022-11-25,CIPLA,5,0.027077268643306396,tp,3,-0.032258064516129004,0.13989868879479062,0.09623284458387826,0.09319117507600794,0.0076819407008086316,0.002515723270440251,True,lowV
2022-12-30,PERSISTENT,1,0.03351257760167281,tp,1,-0.11119396136374071,0.27480936966289,0.02855518721824457,0.055106272249042076,-0.011073968430155179,0.030292079144026207,True,midV
2022-12-30,ABB,2,0.040396794848069795,tp,4,-0.10467890516270129,0.27848310264394516,0.004326346031109818,0.055106272249042076,0.05555349938931853,0.07587253414264028,True,midV
2022-12-30,AMBUJACEM,3,-0.054334596438044724,sl,17,-0.09877913429522756,0.4134401371683525,0.21546108877955317,0.055106272249042076,-0.008904888215232942,-0.014020462296324365,False,highV
2022-12-30,HCLTECH,4,0.02546347363328494,tp,6,-0.09789202636058136,0.2691680849205473,0.009874491215264403,0.055106272249042076,-0.006869859700048275,0.03478471214320278,True,midV
2022-12-30,DLF,5,-0.06766666666666665,sl,18,-0.09216700758031526,0.3077512941973307,0.027676436516633096,0.055106272249042076,-0.01656726308813783,0.00583167660702455,False,midV
2023-01-27,BANKBARODA,1,0.06724644549763037,tp,2,-0.12761852260198459,0.34424153744007924,0.17314987962703854,0.021442811685329133,0.03601895734597149,0.073301737756714,True,highV
2023-01-27,SBIN,2,0.026121448928932645,tp,2,-0.09539254823685961,0.2548196351909304,0.01385203185193662,0.021442811685329133,0.004504918635653166,0.017927737427599455,True,midV
2023-01-27,INDUSINDBK,3,-0.06884634536724166,sl,3,-0.07207393044267518,0.2700049567494028,0.05676667548401859,0.021442811685329133,-0.014227280810955034,0.033523030410812726,False,midV
2023-01-27,PNB,4,0.0536875,tp,2,-0.06993642143505896,0.36957784006478944,0.285551977603274,0.021442811685329133,0.016601562499999778,0.00390625,True,highV
2023-01-27,AXISBANK,5,-0.04013961316825476,expiry,19,-0.054026338514680416,0.2041037002199847,0.11458538021625242,0.021442811685329133,0.011068636960118505,-0.00661836024419471,False,lowV
2023-02-24,PNB,1,0.05333646812957171,tp,3,-0.10893854748603349,0.36561995425258736,0.15678204268126872,0.009317270018156965,0.0867293625914316,0.00940438871473348,True,highV
2023-02-24,BHEL,2,0.06068359941944845,tp,3,-0.10110893672537502,0.35958594864301757,0.07109406273439922,0.009317270018156965,0.09143686502177073,0.08055152394775034,True,highV
2023-02-24,VEDL,3,-0.08737592968221775,sl,2,-0.09374999999999989,0.27903121139300835,0.026995075943994307,0.009317270018156965,-0.015889114266396165,-0.05425963488843821,False,midV
2023-02-24,BANKBARODA,4,0.02443464262717321,tp,1,-0.08566382101854564,0.47139620732625037,0.10841877246011156,0.009317270018156965,0.11751448808757248,0.05956213779781061,True,highV
2023-02-24,SAIL,5,0.027194361127774624,tp,3,-0.07234279354479689,0.30708856315880617,0.03876519669240208,0.009317270018156965,0.05578884223155378,0.037792441511697694,True,midV
2023-04-28,GODREJCP,2,0.035052819023615345,tp,2,-0.04284665408013433,0.22421491423282935,0.013196086557178965,0.023525520307610126,0.039504684674812385,0.10744616733329693,True,lowV
2023-04-28,NTPC,3,0.022740590619571566,tp,1,-0.0025989026855328667,0.18281854125798994,0.032902458899961795,0.023525520307610126,0.028372900984366067,0.021713954834973848,True,lowV
2023-04-28,SAIL,4,0.021208883553421543,tp,1,0.010922330097087318,0.17246320182733316,0.01146857222650599,0.023525520307610126,0.015006002400960394,0.015606242496998712,True,lowV
2023-04-28,HCLTECH,5,0.021665542755455625,tp,8,0.013767565514622104,0.23775229940513812,0.033200655221657493,0.023525520307610126,0.010536667603259442,0.030907558302894156,True,lowV
2023-05-26,JINDALSTEL,1,0.019312798016403065,tp,1,-0.08186673671307243,0.2913417661300515,0.004684246884434362,0.03966053641821987,0.009250429143620176,0.004482166698455137,True,midV
2023-05-26,DRREDDY,2,0.021651558322009268,tp,7,-0.05728483320764077,0.2842834146285732,0.02934946595982102,0.03966053641821987,0.018563976679963234,0.02768158506114915,True,midV
2023-05-26,HDFCBANK,4,0.020374892201552197,tp,22,-0.0297343334429071,0.24041602787179267,0.02830026887258641,0.03966053641821987,-0.004157940125662174,-0.0036651472218800496,True,lowV
2023-05-26,JSWSTEEL,5,0.038176861608090085,tp,8,-0.022466473109359897,0.1489961739435012,0.007224580239993061,0.03966053641821987,0.007142352026023646,0.06449331730429253,True,lowV
2023-06-30,BANDHANBNK,1,-0.07043303204601481,sl,3,-0.09567155861044019,0.28956449278749047,0.006714879237643245,0.07003634762574773,-0.050328677074774064,-0.08566146261298269,False,midV
2023-06-30,KOTAKBANK,2,0.024292929292929366,tp,11,-0.06169438406712835,0.15957891950940598,0.004922428109135346,0.07003634762574773,0.0037171717171717855,0.009831649831649747,True,lowV
2023-06-30,COALINDIA,4,-0.013518886250809437,expiry,19,-0.036397670549084826,0.1298041017112498,0.01583278335551519,0.07003634762574773,0.014029786315562287,0.00021584286639320105,False,lowV
2023-06-30,PERSISTENT,5,-0.05858166942050047,sl,6,-0.026369600821808947,0.2656977427282852,0.17064731147350543,0.07003634762574773,-0.04061075388688706,-0.015398244182111442,False,midV
2023-07-28,HCLTECH,1,0.030428700076545412,tp,2,-0.05146493550867004,0.23500481575874774,0.01499202960016377,0.08430631463995364,0.035796298797784676,0.05745418524021795,True,lowV
2023-07-28,AUBANK,3,0.02112114947281374,tp,18,-0.03156700480512553,0.2639988100008651,0.09719651960886244,0.08430631463995364,0.017641788987664553,-0.02915029977258632,True,midV
2023-07-28,PERSISTENT,4,0.02037885141487028,tp,2,-0.02978099796062683,0.3331654386460881,0.06440820351982235,0.08430631463995364,0.01583344776229767,0.038500945359289274,True,highV
2023-07-28,GODREJCP,5,-0.03916355810616923,expiry,23,-0.02152550304164713,0.21653976215169654,0.10354392761891806,0.08430631463995364,-0.021138211382113803,-0.021807747489239526,False,lowV
2023-09-01,TORNTPHARM,1,0.019672983411597955,tp,1,-0.09081952303961194,0.28409468671928534,0.06066813044311159,0.05902331326489363,0.04604184611964768,0.04159604323543298,True,midV
2023-09-01,MUTHOOTFIN,2,0.022054755043227625,tp,1,-0.06932389644254044,0.2882696377959994,0.12575073705041961,0.05902331326489363,0.027737752161383078,0.06308037143772016,True,midV
2023-09-01,INDIGO,3,0.022097659600539,tp,6,-0.05350446514864482,0.20597450784649587,0.12165563206689911,0.05902331326489363,0.014622391046848815,-0.01993219785157052,True,lowV
2023-09-01,IOC,5,0.020739130434782704,tp,2,-0.049284578696343284,0.13498898961600464,0.06543138390272163,0.05902331326489363,0.052954292084726795,0.02898550724637672,True,lowV
2023-09-29,PFC,1,-0.06311792545848949,sl,16,-0.07141549166819261,0.9960918322347548,0.3254328370692541,0.0627830212849545,-0.04831394202326955,-0.0029579964504042877,False,highV
2023-09-29,GODREJPROP,2,0.025909555768616088,tp,3,-0.054825555052106956,0.30158691862346054,0.13767648938268584,0.0627830212849545,0.04375199744327274,0.08788750399488654,True,midV
2023-09-29,ASHOKLEY,3,-0.06545257528848869,sl,17,-0.05278592375366575,0.21568131936302093,0.1274551025038515,0.0627830212849545,-0.03095975232198145,-0.00422178440754295,False,lowV
2023-09-29,ABB,5,0.022317820438239155,tp,8,-0.04827156649018993,0.2974237673363139,0.11380289743718186,0.0627830212849545,-0.006253635834787663,0.03816414582121386,True,midV
2023-10-27,MPHASIS,1,0.03215565782985419,tp,4,-0.12702935388652015,0.27094595323715637,0.018025264773342542,0.025466395156119814,0.040763613309225954,0.03533942282856262,True,midV
2023-10-27,IDFCFIRSTB,2,-0.06043450663589156,sl,3,-0.09361924686192458,0.2452474164151133,0.18826816600099439,0.025466395156119814,-0.0432775533756492,-0.016156953260242468,False,lowV
2023-10-27,JUBLFOOD,3,0.01962166784025754,tp,6,-0.09156538426391292,0.24012296424281604,0.03159218642337103,0.025466395156119814,0.019112765315360658,0.022331757368474037,True,lowV
2023-10-27,DIVISLAB,4,0.023322790061279908,tp,6,-0.08492614249370634,0.22406520969384405,0.013592415783425515,0.025466395156119814,-0.019737703963552233,0.01991237391013212,True,lowV
2023-10-27,AUBANK,5,0.05582806610611779,tp,11,-0.08167476535978169,0.1992078982723282,0.0017659428624539064,0.025466395156119814,-0.029501304726007427,0.012032473180632275,True,lowV
2023-12-01,BAJFINANCE,2,0.019518543368272634,tp,1,-0.028448849274976817,0.21600088330661416,0.04799813221093796,0.08075683133075895,0.006572506384231458,0.03194511957169177,True,lowV
2023-12-01,CHOLAFIN,3,0.021710268033977242,tp,3,-0.005384345998949436,0.2878401522056962,0.10089378271919935,0.08075683133075895,0.03063245455745789,0.0973548699441047,True,midV
2023-12-01,BALKRISIND,4,0.022280607893308324,tp,4,0.00447836753767672,0.28029711033906624,0.10853598277759513,0.08075683133075895,0.01312320694735214,0.0021322788245328184,True,midV
2023-12-01,CIPLA,5,0.023651085969113805,tp,12,0.004771190308260342,0.320394235804244,0.1358780917360627,0.08075683133075895,0.009455776695020068,0.0024774960772979693,True,highV
2023-12-29,HDFCLIFE,2,-0.056564071122011006,sl,11,-0.0368347235550307,0.26689832850040435,0.06827442732123301,0.14046144031969288,-0.004445125689760854,-0.018700183936235293,False,midV
2023-12-29,MARUTI,3,-0.05478102751587455,sl,16,-0.01826236026956707,0.16171157692337695,0.06908245977318805,0.14046144031969288,-0.03112372522609197,-0.0375505099095631,False,lowV
2023-12-29,BALKRISIND,4,0.023453372479332546,tp,8,-0.00265844731265652,0.21922031209488735,0.0912910768953179,0.14046144031969288,0.0013713976666924754,0.0181758479486982,True,lowV
2023-12-29,JUBLFOOD,5,-0.06278428761651123,sl,6,-0.0019491450341100336,0.20125274415642744,0.13464219237246478,0.14046144031969288,-0.023346648912560997,-0.06498002663115854,False,lowV
2024-01-29,JUBLFOOD,1,-0.054828806745759406,sl,6,-0.10448678549477575,0.2345703350300312,0.00930632085629246,0.11428667425763117,-0.044710265712324726,-0.0650063731738405,False,lowV
2024-01-29,EICHERMOT,2,0.042294085803220915,tp,2,-0.10109489051094889,0.22877553586687882,0.04091761346287259,0.11428667425763117,0.053295439166328284,0.05129246176749214,True,lowV
2024-01-29,JSWSTEEL,3,0.028305376739623633,tp,7,-0.06996236743072193,0.26107416970572334,0.04511466082309745,0.11428667425763117,0.0019618662252467445,-0.0038624241309545004,True,midV
2024-01-29,IDFCFIRSTB,4,-0.025654239326518447,expiry,23,-0.0673022994952327,0.34208085166321234,0.016491240938375062,0.11428667425763117,-0.002405291641611629,-0.049909801563439604,False,highV
2024-01-29,HINDALCO,5,0.024334148685244972,tp,4,-0.05302779616148234,0.2979117962342895,0.2074104858121093,0.11428667425763117,0.01668559447890261,0.02157770594915709,True,midV
2024-03-01,HINDALCO,1,0.030846522781774577,tp,4,-0.09363588941053735,0.49545215473434295,0.06873421887061704,0.11675642050537705,0.028297362110311752,0.023405275779376566,True,highV
2024-03-01,RECLTD,2,0.022918243096325397,tp,4,-0.07613499397348344,0.4518992779826619,0.5601253799392096,0.11675642050537705,0.04664057403783439,-0.0547945205479452,True,highV
2024-03-01,PFC,3,0.024730431646026285,tp,3,-0.0687493001903482,0.44565509380292756,0.4057309268409761,0.11675642050537705,0.038956354454731335,-0.10232054827461823,True,highV
2024-03-01,AUROPHARMA,5,0.06430810286268807,tp,1,-0.03866784831382064,0.2570895529479643,0.15012893609446132,0.11675642050537705,0.03813682678311503,-0.008830664725861248,True,midV
2024-04-01,INFY,1,-0.059354909380601395,sl,10,-0.09534248220774155,0.20302049138182776,0.01705781439927123,0.1059238430523275,-0.0152028148443204,-0.058354909380601394,False,lowV
2024-04-01,WIPRO,2,-0.05717056170561707,sl,9,-0.08161536289183835,0.23420150035326182,0.11953657887247648,0.1059238430523275,-0.01681016810168101,-0.08323083230832318,False,lowV
2024-04-01,MPHASIS,3,0.020109246416078697,tp,3,-0.08084449978627317,0.2979429508011387,0.04187875659205753,0.1059238430523275,-0.0032149139656670878,-0.06642133570576458,True,midV
2024-04-01,TATACONSUM,4,0.036941740480321505,tp,1,-0.07391120507399584,0.2997969405195575,0.13005019234896875,0.1059238430523275,0.04017897908866774,0.036937266003104874,True,midV
2024-04-01,HCLTECH,5,-0.05864570845555417,sl,10,-0.05547190266819246,0.2120422592139329,0.16402882236906824,0.1059238430523275,-0.01358245121795687,-0.05764570845555417,False,lowV
2024-04-26,OFSS,1,0.035821744006264145,tp,3,-0.1034570971330665,0.3119420038294215,0.4194723606316382,0.08723544924530446,0.04824185960092642,0.03458549824484569,True,midV
2024-04-26,HCLTECH,2,-0.05852151933324223,sl,1,-0.05961711422330718,0.19605194412113242,0.06276815601593322,0.08723544924530446,-0.07712802295395538,-0.09762262604180894,False,lowV
2024-04-26,SUNPHARMA,3,-0.038951351173430626,expiry,22,-0.05739815705376816,0.22007032653693137,0.18145350163241702,0.08723544924530446,0.014186498140285053,0.009841677364142098,False,lowV
2024-04-26,SBILIFE,5,0.028293388863612434,tp,3,-0.04946773120425807,0.17730915308507575,0.023900018795210975,0.08723544924530446,0.012809295488747985,0.0038147901865395184,True,lowV
2024-05-31,PNB,1,0.06120839813374801,tp,1,-0.0937279774489077,0.3355163341611228,0.30093473070853416,0.07667648328985033,-0.03499222395023327,-0.007387247278382469,True,highV
2024-05-31,DLF,2,0.05972751563733525,tp,1,-0.08159509202453985,0.25594740173442293,0.15571641679483994,0.07667648328985033,0.02696301694297687,0.06716463229489267,True,midV
2024-05-31,SHRIRAMFIN,3,0.05969139434695803,tp,1,-0.07238098951226168,0.2842833649722472,0.10060211042218281,0.07667648328985033,0.05148681307134595,0.14891247241777883,True,midV
2024-05-31,VOLTAS,4,0.03425242931248629,tp,1,-0.06979747179556883,0.36974047588887654,0.34403065336514604,0.07667648328985033,0.06173741506539043,0.09275224665741222,True,highV
2024-05-31,ONGC,5,0.07292120075046904,tp,1,-0.06228008444757205,0.28665173930471927,0.1794422986069082,0.07667648328985033,-0.021388367729831104,0.03527204502814252,True,midV
2024-06-28,SAIL,1,0.04304404404404394,tp,5,-0.07926267281105992,0.9206234001390319,0.22470746164360889,0.12457936911503986,0.04404404404404394,0.003937270603937337,True,highV
2024-06-28,RECLTD,2,0.04978643168466912,tp,1,-0.07282790125625926,1.0719520387426684,0.2653530765500247,0.12457936911503986,0.10451013833617573,0.20883077506158787,True,highV
2024-06-28,MARUTI,3,0.05946887831530645,tp,7,-0.054050255885762954,0.21389931966683068,0.07640337095049721,0.12457936911503986,0.0029671141410432256,0.037132257358979626,True,lowV
2024-06-28,PFC,5,0.03211122501281383,tp,1,-0.04456415279138104,1.027896722539517,0.28452785865058083,0.12457936911503986,0.09533572526909273,0.13900563813429012,True,highV
2024-07-26,BANKBARODA,1,0.02126640159045745,tp,1,-0.10402565016031351,0.2880625274202698,0.026527469813867777,0.13776295594747245,-0.02644135188866803,-0.01809145129224654,True,midV
2024-07-26,POLYCAB,2,0.04582134500258317,tp,3,-0.08473444866285618,0.30044507497208434,0.19162570343920926,0.13776295594747245,0.030115173063482104,0.015110766706172063,True,midV
2024-07-26,SIEMENS,3,0.021384096454715062,tp,1,-0.08300592946503194,0.3299773137078791,0.35965831144567106,0.13776295594747245,-0.012953925649490494,-0.01753983063011333,True,highV
2024-07-26,AXISBANK,4,-0.008640677107518258,expiry,23,-0.07519031817294552,0.2415024422065204,0.06791606249173054,0.13776295594747245,-0.016758833213727953,-0.03140698214361104,False,lowV
2024-07-26,JINDALSTEL,5,-0.059234992303745515,sl,6,-0.0687117737003059,0.3149305835072155,0.17522027842891919,0.13776295594747245,-0.017342226782965597,-0.05700359158542834,False,midV
2024-08-30,BALKRISIND,1,0.030002719536801448,tp,2,-0.14625743345466524,0.33767605608013834,0.05961941824393402,0.12669474113146206,0.045302219492938,0.09032371260636896,True,highV
2024-08-30,SAIL,2,-0.057424455586320367,sl,8,-0.1319345199428349,0.48508896343455854,0.0023173384848080847,0.12669474113146206,-0.03584524433136271,-0.01623886851754841,False,highV
2024-08-30,GODREJPROP,3,0.019628952315843384,tp,15,-0.09677518949042119,0.36025632138352676,0.15186631972214237,0.12669474113146206,-0.022269697487608986,0.009160827209024225,True,highV
2024-08-30,ZYDUSLIFE,4,-0.06756948493683201,sl,14,-0.09632350005987778,0.3973833293780834,0.2087298938797304,0.12669474113146206,-0.02464882056718798,-0.009762346497040553,False,highV
2024-08-30,AMBUJACEM,5,0.004468875663503292,expiry,19,-0.09114830787223138,0.22822327385460223,0.05567823973252328,0.12669474113146206,0.006996943863599725,0.013833038442978784,True,lowV
2024-09-27,PFC,1,-0.05181505333065006,sl,3,-0.10557105571055703,0.2988931915062716,0.08519868920053675,0.14129862603828447,-0.11088750251559665,-0.04206077681626075,False,midV
2024-09-27,RECLTD,2,-0.0646145861059354,sl,4,-0.09990416866315299,0.31319649272031436,0.1028408106873111,0.14129862603828447,-0.10646792653713055,-0.036287818294738594,False,midV
2024-09-27,ONGC,3,-0.05582199565435397,sl,13,-0.09279757391963617,0.2757754195144814,0.0927893800525299,0.14129862603828447,-0.027578138057830492,-0.03743941166638809,False,midV
2024-09-27,GODREJCP,4,-0.06173713938440639,sl,6,-0.05538108263262753,0.19707845534165974,0.07825033809756832,0.14129862603828447,-0.0408965788438852,-0.058198977585528944,False,lowV
