entry,sym,structure,prem,K,spot0,spot_exp,ret
2019-02-01,ICICIBANK,ATM,12.8,355.0,355.85,349.25,-1.0
2019-02-01,FEDERALBNK,ATM,3.05,87.5,86.45,83.65,-1.0
2019-02-01,MUTHOOTFIN,ATM,24.8,490.0,492.3,527.5,0.4763779527559056
2019-02-01,BAJAJFINSV,ATM,230.0,6100.0,6136.35,6460.7,0.5527335342229867
2019-02-01,PFC,ATM,3.8,105.0,103.85,112.1,0.7626613704071488
2019-03-01,APOLLOHOSP,ATM,47.3,1160.0,1160.1,1181.3,-0.5553235908141971
2019-03-01,DRREDDY,ATM,97.05,2650.0,2654.65,2716.35,-0.32310077993889125
2019-03-01,AUROPHARMA,ATM,27.85,720.0,727.65,769.25,0.7311072056239014
2019-03-01,SIEMENS,ATM,31.0,1020.0,1012.6,1086.2,1.094936708860761
2019-03-01,INDIGO,ATM,47.25,1120.0,1127.2,1437.2,5.629049111807734
2019-03-29,DIVISLAB,ATM,50.55,1720.0,1716.7,1715.8,-1.0
2019-03-29,NESTLEIND,ATM,420.0,11000.0,11044.75,10854.0,-1.0
2019-03-29,HCLTECH,ATM,31.35,1100.0,1094.7,1133.55,0.050078247261344334
2019-03-29,TCS,ATM,66.8,2020.0,2014.6,2192.7,1.5597320211062995
2019-03-29,DRREDDY,ATM,81.0,2800.0,2796.15,2921.85,0.4894267204498216
2019-04-26,BPCL,ATM,16.95,370.0,373.25,407.6,1.1424501424501436
2019-04-26,UNIONBANK,ATM,4.1,90.0,88.8,77.85,-1.0
2019-04-26,RECLTD,ATM,6.1,147.5,147.25,143.9,-1.0
2019-04-26,PNB,ATM,4.2,90.0,88.95,81.4,-1.0
2019-04-26,IOC,ATM,5.75,155.0,154.3,162.4,0.21410992616899177
2019-05-31,PNB,ATM,4.35,80.0,80.85,78.05,-1.0
2019-05-31,DIVISLAB,ATM,52.3,1600.0,1596.1,1600.15,-0.9971644612476354
2019-05-31,RELIANCE,ATM,41.85,1320.0,1329.8,1274.8,-1.0
2019-05-31,DRREDDY,ATM,71.25,2700.0,2681.7,2568.45,-1.0
2019-05-31,TECHM,ATM,20.8,760.0,761.05,701.25,-1.0
2019-06-28,DLF,ATM,7.55,190.0,187.75,177.0,-1.0
2019-06-28,BANKBARODA,ATM,5.4,122.5,122.4,109.2,-1.0
2019-06-28,ACC,ATM,46.05,1560.0,1565.5,1579.6,-0.5798499464094339
2019-06-28,INDIGO,ATM,56.7,1560.0,1568.85,1580.25,-0.6465968586387435
2019-07-26,RECLTD,ATM,5.65,142.5,141.3,138.8,-1.0
2019-07-26,BAJAJFINSV,ATM,217.55,7300.0,7273.25,6976.75,-1.0
2019-07-26,BAJFINANCE,ATM,115.75,3300.0,3275.05,3299.65,-1.0
2019-07-26,TITAN,ATM,43.1,1100.0,1107.1,1101.95,-0.9553775743707084
2019-07-26,PFC,ATM,4.7,112.5,112.8,101.3,-1.0
2019-09-27,RELIANCE,ATM,44.95,1320.0,1316.0,1463.6,2.152579582875959
2019-09-27,BHARTIARTL,ATM,14.8,350.0,352.3,374.65,0.6006493506493491
2019-09-27,POWERGRID,ATM,8.95,197.5,198.7,198.25,-0.920944450300411
2019-09-27,INFY,ATM,28.7,780.0,780.3,685.6,-1.0
2019-11-01,ULTRACEMCO,ATM,122.85,4200.0,4181.9,4295.25,-0.23234081649923227
2019-11-01,ACC,ATM,56.8,1540.0,1549.4,1514.75,-1.0
2019-11-01,ADANIPORTS,ATM,17.5,390.0,391.65,372.7,-1.0
2019-11-01,MARICO,ATM,10.0,370.0,369.0,360.05,-1.0
2019-11-29,TITAN,ATM,36.1,1160.0,1164.9,1191.8,-0.1335149863760231
2019-11-29,NMDC,ATM,4.3,102.5,102.75,126.3,4.221588415971917
2019-11-29,SIEMENS,ATM,42.85,1480.0,1472.95,1524.85,0.03222094361334669
2019-11-29,BRITANNIA,ATM,91.0,3050.0,3067.5,3061.5,-0.8748775976498748
2019-12-27,APOLLOHOSP,ATM,43.5,1420.0,1422.35,1695.2,5.2403628117913845
2019-12-27,GODREJCP,ATM,22.7,690.0,693.65,684.85,-1.0
2019-12-27,EICHERMOT,ATM,654.6,22500.0,22379.3,20358.8,-1.0
2019-12-27,SUNPHARMA,ATM,13.25,430.0,427.95,441.6,-0.16245487364620773
2020-01-31,NMDC,ATM,5.35,115.0,114.55,95.75,-1.0
2020-01-31,EICHERMOT,ATM,764.85,20500.0,20302.4,17076.55,-1.0
2020-01-31,SBIN,ATM,14.3,320.0,320.35,321.8,-0.8791946308724825
2020-01-31,BPCL,ATM,20.5,450.0,452.9,444.05,-1.0
2020-07-31,JUBLFOOD,ATM,87.65,1720.0,1729.3,2172.0,4.105815772678237
2020-07-31,TATAPOWER,ATM,2.65,49.0,48.8,61.6,3.485582057671769
2020-07-31,HEROMOTOCO,ATM,116.35,2700.0,2687.85,3147.7,2.809775047122244
2020-07-31,BHARTIARTL,ATM,24.75,550.0,553.55,510.65,-1.0
2020-08-28,MUTHOOTFIN,ATM,59.4,1220.0,1214.65,1017.95,-1.0
2020-08-28,APOLLOHOSP,ATM,70.4,1660.0,1665.15,1941.65,2.961099234923493
2020-08-28,BHARTIARTL,ATM,25.3,520.0,524.2,419.35,-1.0
2020-08-28,ULTRACEMCO,ATM,149.25,4050.0,4071.4,3773.7,-1.0
2020-09-25,JINDALSTEL,ATM,13.5,175.0,176.35,189.85,0.05319148936170162
2020-09-25,TATAPOWER,ATM,2.85,53.0,53.2,52.1,-1.0
2020-09-25,AUROPHARMA,ATM,38.55,780.0,776.15,767.35,-1.0
2020-09-25,JSWSTEEL,ATM,14.05,270.0,269.4,307.4,1.552901023890783
2020-09-25,MUTHOOTFIN,ATM,67.8,1080.0,1089.6,1240.35,1.341627968106544
2020-10-30,HEROMOTOCO,ATM,138.9,2800.0,2809.0,3027.4,0.6209396317601528
2020-10-30,BRITANNIA,ATM,100.7,3500.0,3482.15,3553.45,-0.47447078372186957
2020-10-30,LUPIN,ATM,42.5,920.0,912.4,901.6,-1.0
2020-10-30,JUBLFOOD,ATM,82.65,2200.0,2181.65,2501.2,2.6082011104921725
2020-10-30,TORNTPHARM,ATM,376.45,2550.0,2566.5,2613.7,-0.8324629912851829
2020-11-27,RELIANCE,ATM,80.6,1950.0,1942.3,1983.05,-0.5940102695133042
2020-11-27,MUTHOOTFIN,ATM,58.65,1160.0,1150.65,1208.55,-0.18059071729957873
2020-11-27,LUPIN,ATM,44.4,900.0,897.8,976.75,0.7055555555555556
2020-11-27,CIPLA,ATM,29.65,750.0,747.8,818.55,1.2661157024793372
2021-01-01,AMBUJACEM,ATM,10.25,253.0,251.65,248.3,-1.0
2021-01-01,M&M,ATM,28.85,740.0,736.45,766.3,-0.10696095076400843
2021-01-01,BPCL,ATM,21.8,385.0,384.1,384.3,-1.0
2021-01-01,ACC,ATM,60.45,1640.0,1635.1,1630.55,-1.0
2021-01-29,SAIL,ATM,3.55,58.0,57.6,73.05,2.9994685091682163
2021-01-29,NMDC,ATM,5.65,105.0,105.35,127.95,2.832025379863082
2021-01-29,GODREJPROP,ATM,85.8,1260.0,1259.45,1551.15,2.3597590528283607
2021-01-29,BAJFINANCE,ATM,214.35,4800.0,4763.5,5538.4,2.4107259571303508
2021-01-29,ASIANPAINT,ATM,78.15,2420.0,2418.95,2378.3,-1.0
2021-02-26,BALKRISIND,ATM,86.0,1560.0,1559.7,1599.6,-0.5440939442781498
2021-02-26,TECHM,ATM,42.75,920.0,923.65,968.5,0.11880046136101496
2021-02-26,ASIANPAINT,ATM,86.75,2300.0,2290.9,2400.25,0.14417781835820462
2021-02-26,CIPLA,ATM,35.9,790.0,790.75,788.05,-1.0
2021-02-26,MARUTI,ATM,350.65,6900.0,6902.1,6796.9,-1.0
2021-03-26,BANKBARODA,ATM,4.65,71.0,71.35,66.75,-1.0
2021-03-26,PNB,ATM,2.5,36.0,36.2,35.0,-1.0
2021-03-26,IDFCFIRSTB,ATM,3.0,58.0,57.6,54.85,-1.0
2021-03-26,DLF,ATM,15.55,280.0,281.65,248.9,-1.0
2021-03-26,ASHOKLEY,ATM,5.85,115.0,114.65,115.15,-0.9758103531688428
2021-04-30,DLF,ATM,12.15,250.0,248.2,282.8,1.572549019607844
2021-04-30,IDFCFIRSTB,ATM,3.0,54.0,54.25,57.9,0.22641509433962212
2021-04-30,BANKBARODA,ATM,3.95,67.0,67.05,83.7,2.988535944590399
2021-04-30,M&M,ATM,32.9,760.0,757.25,825.9,0.9671641791044769
2021-04-30,PFC,ATM,20.15,109.5,108.9,117.3,-0.6240963855421688
2021-05-28,JINDALSTEL,ATM,21.95,400.0,398.2,386.3,-1.0
2021-05-28,CHOLAFIN,ATM,24.75,550.0,546.35,530.6,-1.0
2021-05-28,NAUKRI,ATM,215.45,4500.0,4492.6,4779.8,0.2858189973093396
2021-05-28,TATACONSUM,ATM,22.95,650.0,654.55,757.0,3.543524416135882
2021-06-25,ADANIPORTS,ATM,36.15,720.0,716.65,659.3,-1.0
2021-06-25,BHEL,ATM,3.3,66.0,65.6,60.2,-1.0
2021-06-25,AUROPHARMA,ATM,29.8,960.0,955.2,906.65,-1.0
2021-06-25,M&M,ATM,29.15,790.0,790.15,730.65,-1.0
2021-07-30,BHEL,ATM,4.25,59.0,59.5,52.0,-1.0
2021-07-30,ADANIENT,ATM,74.1,1420.0,1427.15,1473.8,-0.28114268916770274
2021-07-30,BANKBARODA,ATM,4.1,80.0,80.4,74.05,-1.0
2021-07-30,CIPLA,ATM,29.35,920.0,916.45,908.85,-1.0
2021-07-30,CHOLAFIN,ATM,22.25,480.0,477.55,530.4,1.2056892778993424
2021-08-27,SAIL,ATM,7.35,115.0,116.95,113.75,-1.0
2021-08-27,NMDC,ATM,5.3,155.0,153.0,143.05,-1.0
2021-08-27,JINDALSTEL,ATM,21.15,370.0,372.55,389.0,-0.12643678160919541
2021-08-27,BHEL,ATM,3.3,54.0,54.4,64.5,2.0017152658662094
2021-10-01,TATASTEEL,ATM,73.9,1300.0,1303.65,1296.95,-1.0
2021-10-01,APOLLOHOSP,ATM,251.85,4450.0,4467.15,4287.3,-1.0
2021-10-01,ADANIENT,ATM,83.95,1460.0,1465.95,1396.45,-1.0
2021-10-01,DIVISLAB,ATM,191.25,4850.0,4839.5,5107.6,0.3335921827476885
2021-10-01,GODREJCP,ATM,49.15,1020.0,1022.75,983.75,-1.0
2021-10-29,JUBLFOOD,ATM,175.25,3700.0,3706.7,3758.8,-0.6678013022414927
2021-10-29,COFORGE,ATM,264.45,4800.0,4844.3,5500.55,1.622854457879141
2021-10-29,TORNTPHARM,ATM,101.6,2860.0,2863.2,2986.9,0.23664925547672966
2021-10-29,COALINDIA,ATM,6.05,165.0,164.55,158.3,-1.0
2021-10-29,PFC,ATM,5.75,132.5,133.2,123.65,-1.0
2021-11-26,BHEL,ATM,3.0,60.0,59.6,57.05,-1.0
2021-11-26,HINDALCO,ATM,19.5,420.0,418.45,450.65,0.5248756218905463
2021-11-26,COALINDIA,ATM,5.6,155.0,154.4,145.9,-1.0
2021-11-26,BALKRISIND,ATM,439.7,2180.0,2173.7,2266.45,-0.8053353208871039
2021-11-26,KOTAKBANK,ATM,56.7,1980.0,1970.2,1755.4,-1.0
2021-12-31,BANKBARODA,ATM,3.5,82.0,82.3,103.15,4.700808625336928
2021-12-31,GODREJPROP,ATM,78.55,1900.0,1881.2,1611.9,-1.0
2021-12-31,APOLLOHOSP,ATM,224.4,5050.0,5041.55,4299.1,-1.0
2021-12-31,NAUKRI,ATM,200.6,5600.0,5589.5,4389.65,-1.0
2021-12-31,BAJAJFINSV,ATM,529.55,16500.0,16453.85,15345.55,-1.0
2022-01-28,BAJAJFINSV,ATM,742.65,15250.0,15238.65,15238.05,-1.0
2022-01-28,APOLLOHOSP,ATM,244.45,4500.0,4497.05,4375.5,-1.0
2022-01-28,MPHASIS,ATM,142.0,3050.0,3041.7,2945.7,-1.0
2022-01-28,VOLTAS,ATM,129.5,1140.0,1144.75,1189.5,-0.6215451660996215
2022-04-01,HINDALCO,ATM,27.5,570.0,572.85,487.5,-1.0
2022-04-01,MARUTI,ATM,282.0,7700.0,7716.4,7876.5,-0.38031037146267815
2022-04-01,COALINDIA,ATM,7.5,187.5,187.25,189.85,-0.7044025157232712
2022-07-29,ASHOKLEY,ATM,6.1,150.0,149.95,147.15,-1.0
2022-07-29,MARUTI,ATM,242.95,8800.0,8772.15,8728.55,-1.0
2022-07-29,RELIANCE,ATM,70.7,2520.0,2517.55,2632.45,0.5747755822258297
2022-08-26,SUNPHARMA,ATM,26.15,890.0,886.7,931.1,0.536448598130842
2022-08-26,HEROMOTOCO,ATM,92.85,2850.0,2841.15,2540.4,-1.0
2022-08-26,TATACONSUM,ATM,27.0,810.0,807.55,793.15,-1.0
2022-09-30,CHOLAFIN,ATM,30.25,730.0,734.65,717.3,-1.0
2022-09-30,ASHOKLEY,ATM,7.15,152.5,153.65,147.8,-1.0
2022-09-30,ABB,ATM,127.7,3100.0,3105.65,3045.2,-1.0
2022-09-30,SIEMENS,ATM,160.25,2780.0,2781.55,2880.95,-0.37628396224958016
2022-10-28,ADANIENT,ATM,120.7,3350.0,3340.85,3911.1,3.6026889350078326
2022-10-28,BAJFINANCE,ATM,263.8,7000.0,7046.0,6775.9,-1.0
2022-10-28,GODREJCP,ATM,28.0,830.0,834.3,863.1,0.15734265734265823
2022-10-28,TATACONSUM,ATM,18.0,770.0,765.8,793.55,0.26612903225806195
2022-11-25,COALINDIA,ATM,7.1,232.5,233.4,221.85,-1.0
2022-11-25,EICHERMOT,ATM,104.35,3450.0,3435.5,3263.35,-1.0
2022-11-25,ZYDUSLIFE,ATM,12.3,405.0,404.95,416.1,-0.13953488372092862
2022-11-25,POLYCAB,ATM,68.75,2600.0,2576.2,2570.4,-1.0
2022-12-30,AMBUJACEM,ATM,18.65,530.0,527.8,458.65,-1.0
2022-12-30,ADANIPORTS,ATM,29.95,820.0,823.65,712.6,-1.0
2022-12-30,DLF,ATM,13.6,375.0,377.25,352.1,-1.0
2022-12-30,TRENT,ATM,43.9,1360.0,1356.2,1211.55,-1.0
2022-12-30,ABB,ATM,80.05,2700.0,2701.9,2871.1,1.1162516001756317
2023-01-27,PNB,ATM,3.3,51.0,51.2,48.25,-1.0
2023-01-27,BANKBARODA,ATM,8.7,157.5,158.25,155.5,-1.0
2023-01-27,BHEL,ATM,3.45,74.0,73.55,68.85,-1.0
2023-01-27,INDUSINDBK,ATM,47.2,1120.0,1124.6,1074.15,-1.0
2023-02-24,BANKBARODA,ATM,6.25,155.0,155.3,164.55,0.4415094339622659
2023-02-24,PNB,ATM,2.0,48.0,47.85,46.2,-1.0
2023-02-24,BHEL,ATM,2.65,69.0,68.9,70.25,-0.55500177999288
2023-02-24,RECLTD,ATM,2.85,113.75,113.5,115.55,-0.4041708043694151
2023-02-24,SAIL,ATM,3.25,83.0,83.35,82.55,-1.0
2023-04-28,HCLTECH,ATM,20.65,1070.0,1067.7,1115.75,1.1529411764705881
2023-04-28,GODREJCP,ATM,26.7,910.0,912.55,1028.2,3.329670329670331
2023-04-28,NTPC,ATM,3.45,172.5,172.7,174.7,-0.39841400054689957
2023-05-26,PNB,ATM,1.9,50.0,50.15,50.9,-0.5531281032770612
2023-05-26,JINDALSTEL,ATM,19.85,520.0,524.3,581.15,1.990220048899754
2023-05-26,DRREDDY,ATM,101.25,4550.0,4562.6,5020.35,3.5994377215499362
2023-05-26,LT,ATM,44.7,2240.0,2230.15,2391.8,2.350993377483447
2023-06-30,BANDHANBNK,ATM,10.25,242.5,243.4,216.4,-1.0
2023-06-30,PERSISTENT,ATM,188.95,5000.0,5023.3,4717.65,-1.0
2023-06-30,MARICO,ATM,12.65,535.0,533.5,554.8,0.494339622641506
2023-06-30,AUBANK,ATM,26.5,750.0,752.4,730.35,-1.0
2023-07-28,PERSISTENT,ATM,160.6,4750.0,4733.65,5369.2,2.8173680381736794
2023-07-28,AUBANK,ATM,22.05,730.0,725.55,722.75,-1.0
2023-07-28,HCLTECH,ATM,27.15,1110.0,1110.45,1172.65,1.257657657657661
2023-07-28,GODREJCP,ATM,28.55,1050.0,1045.5,1005.6,-1.0
2023-09-01,NAUKRI,ATM,151.35,4400.0,4401.95,4182.5,-1.0
2023-09-01,MUTHOOTFIN,ATM,34.95,1250.0,1249.2,1218.1,-1.0
2023-09-01,TORNTPHARM,ATM,58.65,1800.0,1799.45,1865.3,0.10210970464134958
2023-09-01,INDIGO,ATM,70.45,2440.0,2448.3,2343.55,-1.0
2023-09-29,PFC,ATM,10.85,254.0,253.55,230.5,-1.0
2023-09-29,GODREJPROP,ATM,53.05,1560.0,1564.5,1576.05,-0.7008387698042878
2023-09-29,ABB,ATM,106.1,4150.0,4125.6,3952.4,-1.0
2023-09-29,ASHOKLEY,ATM,4.75,178.0,177.65,166.2,-1.0
2023-10-27,PNB,ATM,3.25,73.0,73.45,77.55,0.3207547169811311
2023-10-27,BANKBARODA,ATM,6.35,197.5,197.75,197.05,-1.0
2023-10-27,MPHASIS,ATM,70.0,2120.0,2129.35,2358.7,2.376237623762374
2023-10-27,TATAPOWER,ATM,6.0,240.0,239.1,268.05,3.410377358490568
2023-10-27,IDFCFIRSTB,ATM,2.75,87.0,86.65,85.0,-1.0
2023-12-01,CIPLA,ATM,30.4,1210.0,1210.9,1261.45,0.6596774193548404
2023-12-01,CHOLAFIN,ATM,30.8,1140.0,1136.05,1239.0,2.1528662420382165
2023-12-01,BALKRISIND,ATM,71.8,2580.0,2579.4,2527.15,-1.0
2023-12-01,BAJFINANCE,ATM,173.95,7300.0,7303.15,7268.75,-1.0
2023-12-29,ASHOKLEY,ATM,7.15,183.0,183.15,169.65,-1.0
2023-12-29,HDFCLIFE,ATM,21.05,650.0,652.4,579.15,-1.0
2023-12-29,DRREDDY,ATM,160.65,5850.0,5834.2,5840.45,-1.0
2024-01-29,MUTHOOTFIN,ATM,50.7,1400.0,1399.75,1306.9,-1.0
2024-01-29,IDFCFIRSTB,ATM,3.25,83.0,83.15,81.1,-1.0
2024-01-29,MPHASIS,ATM,124.25,2580.0,2587.95,2617.15,-0.7039663724923794
2024-01-29,FEDERALBNK,ATM,4.5,146.0,146.2,150.5,-0.05660377358490575
2024-01-29,HINDALCO,ATM,23.85,570.0,572.35,503.05,-1.0
2024-03-01,HINDALCO,ATM,18.8,520.0,521.25,560.25,1.0747422680412368
2024-03-01,RECLTD,ATM,19.9,460.0,459.9,450.75,-1.0
2024-03-01,PFC,ATM,18.15,415.0,415.85,390.5,-1.0
2024-03-01,APOLLOHOSP,ATM,213.35,6100.0,6123.15,6360.0,0.2065889035587412
2024-04-01,NMDC,ATM,8.65,212.5,213.65,252.8,3.395244846766279
2024-04-01,ACC,ATM,79.45,2560.0,2563.35,2573.15,-0.8361258404002755
2024-04-01,TATACONSUM,ATM,24.55,1100.0,1095.1,1106.1,-0.7574552683896656
2024-04-01,MPHASIS,ATM,98.05,2450.0,2472.85,2232.85,-1.0
2024-04-26,OFSS,ATM,359.95,7500.0,7534.95,7407.2,-1.0
2024-04-26,ZYDUSLIFE,ATM,31.6,960.0,956.4,1024.25,0.9953416149068322
2024-04-26,CIPLA,ATM,40.35,1420.0,1420.3,1462.2,0.030525030525031565
2024-04-26,WIPRO,ATM,13.5,470.0,468.95,436.15,-1.0
2024-05-31,VOLTAS,ATM,58.2,1370.0,1368.7,1500.55,1.2202380952380942
2024-05-31,NAUKRI,ATM,222.6,5750.0,5729.8,6726.2,3.3420244989458507
2024-05-31,PNB,ATM,7.9,127.5,128.6,119.05,-1.0
2024-05-31,ONGC,ATM,10.2,267.5,266.5,267.2,-1.0
2024-06-28,RECLTD,ATM,22.9,530.0,527.7,607.95,2.3170212765957467
2024-06-28,PFC,ATM,21.5,490.0,487.75,525.05,0.5859728506787312
2024-06-28,SAIL,ATM,6.9,150.0,149.85,142.55,-1.0
2024-06-28,PNB,ATM,4.5,125.0,124.15,117.72,-1.0
2024-06-28,NMDC,ATM,10.1,247.5,247.85,229.87,-1.0
