entry,exit,sym,cycle,net,reason
2018-08-31,2018-09-04,INDIANB,2018-09-27,-0.0572938629236972,sl
2018-08-31,2018-09-10,ASIANPAINT,2018-09-27,-0.06214091040881409,sl
2018-08-31,2018-09-10,MARUTI,2018-09-27,-0.05281900975628384,sl
2018-09-11,2018-09-14,SBIN,2018-09-27,0.025765275576686064,tp
2018-09-11,2018-09-14,BAJAJFINSV,2018-09-27,0.05256346131266876,tp
2018-09-05,2018-09-18,HINDUNILVR,2018-09-27,0.02615448156824074,tp
2018-08-31,2018-09-19,HDFCBANK,2018-09-27,-0.05238263820365341,sl
2018-08-31,2018-09-19,INDUSINDBK,2018-09-27,-0.052473857662229006,sl
2018-09-17,2018-09-21,BAJFINANCE,2018-09-27,-0.08825063718069104,sl
2018-09-17,2018-09-24,BAJAJFINSV,2018-09-27,-0.07193221050062182,sl
2018-09-19,2018-09-24,BRITANNIA,2018-09-27,-0.06322490000167369,sl
2018-09-28,2018-10-01,BAJFINANCE,2018-10-25,0.020203201177444785,tp
2018-09-28,2018-10-03,HAVELLS,2018-10-25,0.028502975442125655,tp
2018-09-28,2018-10-04,BAJAJFINSV,2018-10-25,-0.06195192243840897,sl
2018-09-28,2018-10-05,BRITANNIA,2018-10-25,-0.06797835319906831,sl
2018-10-03,2018-10-05,BAJFINANCE,2018-10-25,-0.08829785949137747,sl
2018-09-28,2018-10-25,NESTLEIND,2018-10-25,-0.022487120038573227,expiry
2018-11-30,2018-12-04,DIVISLAB,2018-12-27,0.04068549873100846,tp
2018-11-30,2018-12-04,WIPRO,2018-12-27,0.03176419012459608,tp
2018-11-30,2018-12-04,HCLTECH,2018-12-27,0.019990681706719138,tp
2018-11-30,2018-12-06,ADANIENT,2018-12-27,-0.08913763960156951,sl
2018-11-30,2018-12-10,LUPIN,2018-12-27,-0.0789184088597581,sl
2018-12-05,2018-12-10,PFC,2018-12-27,-0.07825788900979336,sl
2018-12-05,2018-12-12,DIVISLAB,2018-12-27,0.03249976384859321,tp
2018-12-05,2018-12-13,SBIN,2018-12-27,0.026708703374778042,tp
2018-12-13,2018-12-14,PFC,2018-12-27,0.05108333333333326,tp
2018-12-14,2018-12-17,AUROPHARMA,2018-12-27,0.026084476138233614,tp
2018-12-17,2018-12-18,PFC,2018-12-27,0.04519565217391308,tp
2018-12-19,2018-12-20,PFC,2018-12-27,0.019682523267838703,tp
2018-12-18,2018-12-27,AUROPHARMA,2018-12-27,-0.03577966101694907,expiry
2018-12-28,2019-01-08,AUROPHARMA,2019-01-31,0.02931761308950931,tp
2018-12-28,2019-01-10,DIVISLAB,2019-01-31,0.031039787529180907,tp
2018-12-28,2019-01-14,PIDILITIND,2019-01-31,0.0256600505232768,tp
2018-12-28,2019-01-16,LUPIN,2019-01-31,0.025515151515151602,tp
2018-12-28,2019-01-18,RELIANCE,2019-01-31,0.04631429580262181,tp
2019-01-17,2019-01-22,DABUR,2019-01-31,0.026353463587921788,tp
2019-01-09,2019-01-24,DRREDDY,2019-01-31,0.01923927834263439,tp
2019-01-23,2019-01-24,INDIGO,2019-01-31,0.05822295170428993,tp
2019-01-21,2019-01-28,FEDERALBNK,2019-01-31,-0.0510844119302194,sl
2019-01-15,2019-01-29,LT,2019-01-31,-0.05158740688581698,sl
2019-01-11,2019-01-31,HINDUNILVR,2019-01-31,-0.008223565124515275,expiry
2019-02-01,2019-02-07,BAJAJFINSV,2019-02-28,0.021839310013281543,tp
2019-02-01,2019-02-13,FEDERALBNK,2019-02-28,-0.056523423944476514,sl
2019-02-01,2019-02-13,SBIN,2019-02-28,-0.05555183301175237,sl
2019-02-08,2019-02-15,MARICO,2019-02-28,-0.06474501992031867,sl
2019-02-01,2019-02-19,PFC,2019-02-28,0.034146846413095955,tp
2019-02-01,2019-02-28,ICICIBANK,2019-02-28,-0.019547140649149974,expiry
2019-03-01,2019-03-05,APOLLOHOSP,2019-03-28,0.029859408671666476,tp
2019-03-01,2019-03-05,INDIGO,2019-03-28,0.052672817601135624,tp
2019-03-01,2019-03-11,AUROPHARMA,2019-03-28,0.03363203463203479,tp
2019-03-01,2019-03-13,NESTLEIND,2019-03-28,0.01932336950070035,tp
2019-03-06,2019-03-13,APOLLOHOSP,2019-03-28,-0.06591666666666673,sl
2019-03-06,2019-03-13,HINDUNILVR,2019-03-28,0.023191427820142052,tp
2019-03-14,2019-03-15,TCS,2019-03-28,0.024576855698483446,tp
2019-03-14,2019-03-15,KOTAKBANK,2019-03-28,0.04198757788314589,tp
2019-03-01,2019-03-19,DRREDDY,2019-03-28,0.021658354208652697,tp
2019-03-12,2019-03-19,HCLTECH,2019-03-28,0.02022954444935865,tp
2019-03-20,2019-03-27,NESTLEIND,2019-03-28,0.029598736714701812,tp
2019-03-14,2019-03-28,HINDUNILVR,2019-03-28,-0.03663959318149268,expiry
2019-03-18,2019-03-28,DABUR,2019-03-28,-0.0449126394052044,expiry
2019-03-18,2019-03-28,TECHM,2019-03-28,-0.028311719439889083,expiry
2019-03-20,2019-03-28,HCLTECH,2019-03-28,0.03675123518971557,tp
2019-03-29,2019-04-02,TECHM,2019-04-25,0.01933485149785097,tp
2019-03-29,2019-04-02,TCS,2019-04-25,0.03563258215030285,tp
2019-04-03,2019-04-05,DIVISLAB,2019-04-25,0.024444085288099493,tp
2019-03-29,2019-04-10,BAJAJ-AUTO,2019-04-25,0.020489697790275874,tp
2019-04-08,2019-04-11,BPCL,2019-04-25,0.029607907042652593,tp
2019-04-03,2019-04-16,TECHM,2019-04-25,0.020233182426831475,tp
2019-04-12,2019-04-22,BPCL,2019-04-25,-0.06126754930354439,sl
2019-03-29,2019-04-24,HINDUNILVR,2019-04-25,0.022823409342742074,tp
2019-03-29,2019-04-25,NESTLEIND,2019-04-25,-0.01827064895085906,expiry
2019-04-11,2019-04-25,NMDC,2019-04-25,-0.039737446197991355,expiry
2019-04-26,2019-04-30,IOC,2019-05-30,0.029136098509397024,tp
2019-04-26,2019-05-07,PNB,2019-05-30,-0.05159021922428331,sl
2019-04-26,2019-05-08,JUBLFOOD,2019-05-30,-0.05966439371479404,sl
2019-04-26,2019-05-09,TORNTPHARM,2019-05-30,-0.05610988079769508,sl
2019-05-08,2019-05-10,PNB,2019-05-30,0.023822695035461083,tp
2019-05-02,2019-05-13,UNIONBANK,2019-05-30,-0.10347349823321561,sl
2019-04-26,2019-05-14,POWERGRID,2019-05-30,-0.05193555093555102,sl
2019-05-13,2019-05-14,PNB,2019-05-30,0.037077403245942775,tp
2019-05-15,2019-05-16,SIEMENS,2019-05-30,0.05045008365867265,tp
2019-05-14,2019-05-17,PFC,2019-05-30,0.01951282051282044,tp
2019-05-09,2019-05-20,PIDILITIND,2019-05-30,0.048922733516483574,tp
2019-05-10,2019-05-20,RECLTD,2019-05-30,0.06610430342815465,tp
2019-05-15,2019-05-20,PNB,2019-05-30,0.07676427703523692,tp
2019-05-17,2019-05-20,CHOLAFIN,2019-05-30,0.06473853484216796,tp
2019-05-20,2019-05-21,BANKBARODA,2019-05-30,0.021357723577235865,tp
2019-05-21,2019-05-24,PNB,2019-05-30,0.028069767441860516,tp
2019-05-21,2019-05-24,PIDILITIND,2019-05-30,0.02448775425487748,tp
2019-05-21,2019-05-24,RECLTD,2019-05-30,0.030294452347083944,tp
2019-05-21,2019-05-30,VOLTAS,2019-05-30,-0.02350941458404676,expiry
2019-05-22,2019-05-30,TECHM,2019-05-30,-0.02248606399254971,expiry
2019-05-31,2019-06-03,HCLTECH,2019-06-27,0.019387685290763845,tp
2019-05-31,2019-06-04,PNB,2019-06-27,0.021881880024737232,tp
2019-06-06,2019-06-18,PNB,2019-06-27,-0.05184745762711873,sl
2019-06-19,2019-06-20,BAJAJ-AUTO,2019-06-27,0.0252906816495283,tp
2019-05-31,2019-06-24,DRREDDY,2019-06-27,-0.06234168624380054,sl
2019-05-31,2019-06-26,TECHM,2019-06-27,-0.055004336114578445,sl
2019-05-31,2019-06-27,DIVISLAB,2019-06-27,0.0015374349978073418,expiry
2019-06-04,2019-06-27,HCLTECH,2019-06-27,-0.02676090942427567,expiry
2019-06-28,2019-07-03,BANKBARODA,2019-07-25,0.026777777777777678,tp
2019-06-28,2019-07-04,INDIGO,2019-07-25,0.046678235650317146,tp
2019-06-28,2019-07-04,RELIANCE,2019-07-25,0.019237623762376255,tp
2019-07-04,2019-07-08,BPCL,2019-07-25,-0.052000392310710075,sl
2019-07-05,2019-07-10,INDIGO,2019-07-25,-0.10930463069269036,sl
2019-06-28,2019-07-15,ACC,2019-07-25,0.020814116895560564,tp
2019-07-11,2019-07-16,INDIGO,2019-07-25,0.05966868403572201,tp
2019-07-17,2019-07-22,INDIGO,2019-07-25,0.03461287674044666,tp
2019-06-28,2019-07-25,PIDILITIND,2019-07-25,0.00946221749969356,expiry
2019-07-05,2019-07-25,IOC,2019-07-25,-0.03524432005268352,expiry
2019-07-09,2019-07-25,TITAN,2019-07-25,-0.011107877798930188,expiry
2019-07-16,2019-07-25,TCS,2019-07-25,0.008058572444865963,expiry
2019-07-26,2019-07-30,FEDERALBNK,2019-08-29,-0.05167920585161978,sl
2019-07-26,2019-08-01,PFC,2019-08-29,-0.05241843971631199,sl
2019-07-26,2019-08-05,TITAN,2019-08-29,-0.060795863065666866,sl
2019-07-26,2019-08-05,RECLTD,2019-08-29,-0.054786270346780075,sl
2019-07-26,2019-08-09,BAJAJFINSV,2019-08-29,0.033812497851716805,tp
2019-09-27,2019-09-30,INFY,2019-10-31,0.02290106369345135,tp
2019-09-27,2019-09-30,BHARTIARTL,2019-10-31,0.048247800170309385,tp
2019-09-27,2019-10-11,APOLLOHOSP,2019-10-31,0.02572147995888996,tp
2019-10-14,2019-10-15,APOLLOHOSP,2019-10-31,0.019905564518897356,tp
2019-10-01,2019-10-16,HCLTECH,2019-10-31,0.032625662430239566,tp
2019-09-27,2019-10-18,POWERGRID,2019-10-31,0.02240211373930545,tp
2019-10-01,2019-10-22,INFY,2019-10-31,-0.1947705332322467,sl
2019-10-17,2019-10-22,DRREDDY,2019-10-31,0.029879469276302584,tp
2019-10-22,2019-10-25,INDIGO,2019-10-31,-0.12217415428673706,sl
2019-09-27,2019-10-29,MARICO,2019-10-31,-0.0648460558175099,sl
2019-10-16,2019-10-31,PIDILITIND,2019-10-31,0.023237542562149716,tp
2019-10-23,2019-10-31,POWERGRID,2019-10-31,-0.04141626331074533,expiry
2019-10-23,2019-10-31,DRREDDY,2019-10-31,-0.014728681621965833,expiry
2019-11-01,2019-11-11,PIDILITIND,2019-11-28,-0.05480108602457845,sl
2019-11-01,2019-11-13,ADANIPORTS,2019-11-28,-0.05283199285075946,sl
2019-11-14,2019-11-19,INDIGO,2019-11-28,-0.05840838386501457,sl
2019-11-20,2019-11-21,APOLLOHOSP,2019-11-28,0.021407485577599528,tp
2019-11-01,2019-11-28,MARICO,2019-11-28,-0.025254742547425435,expiry
2019-11-01,2019-11-28,ACC,2019-11-28,-0.023363495546663282,expiry
2019-11-01,2019-11-28,ULTRACEMCO,2019-11-28,0.026104904469260393,tp
2019-11-13,2019-11-28,TITAN,2019-11-28,0.0023132530120481007,expiry
2019-11-29,2019-12-02,NMDC,2019-12-26,0.02965693430656946,tp
2019-11-29,2019-12-05,TITAN,2019-12-26,0.019516782556442513,tp
2019-12-06,2019-12-09,BPCL,2019-12-26,0.02288973966309349,tp
2019-11-29,2019-12-12,ASIANPAINT,2019-12-26,0.024067928828118146,tp
2019-12-10,2019-12-13,BAJFINANCE,2019-12-26,0.021999160706009158,tp
2019-11-29,2019-12-18,SIEMENS,2019-12-26,0.020317763671543365,tp
2019-12-03,2019-12-18,HINDUNILVR,2019-12-26,-0.05321612080800153,sl
2019-11-29,2019-12-20,BRITANNIA,2019-12-26,0.019537897310513475,tp
2019-12-13,2019-12-20,GODREJCP,2019-12-26,0.04425288376220038,tp
2019-12-16,2019-12-26,VOLTAS,2019-12-26,-0.04528938670583915,expiry
2019-12-27,2019-12-30,EICHERMOT,2020-01-30,0.02288591242800264,tp
2019-12-27,2020-01-02,SUNPHARMA,2020-01-30,0.021198855006426043,tp
2019-12-27,2020-01-03,VOLTAS,2020-01-30,0.019965643890121565,tp
2019-12-27,2020-01-07,GODREJCP,2020-01-30,0.02502176890362595,tp
2020-01-06,2020-01-09,VOLTAS,2020-01-30,0.050169927119294244,tp
2020-01-08,2020-01-09,BPCL,2020-01-30,0.02022360584732008,tp
2019-12-27,2020-01-14,HINDUNILVR,2020-01-30,0.025144790153658003,tp
2020-01-10,2020-01-16,EICHERMOT,2020-01-30,0.0489998782687876,tp
2020-01-15,2020-01-17,RELIANCE,2020-01-30,0.03326201130091133,tp
2020-01-10,2020-01-28,BPCL,2020-01-30,0.02014097524699887,tp
2019-12-31,2020-01-30,LUPIN,2020-01-30,-0.052201876099276845,sl
2020-01-03,2020-01-30,BAJAJ-AUTO,2020-01-30,0.019612208520361052,tp
2020-01-17,2020-01-30,SBIN,2020-01-30,-0.029012519561815275,expiry
2020-01-20,2020-01-30,KOTAKBANK,2020-01-30,0.003783950617283983,expiry
2020-01-31,2020-02-03,NMDC,2020-02-27,-0.12583631601920553,sl
2020-01-31,2020-02-04,TATASTEEL,2020-02-27,0.02555771195097034,tp
2020-01-31,2020-02-04,BPCL,2020-02-27,0.04006866858026059,tp
2020-02-04,2020-02-05,JSWSTEEL,2020-02-27,0.041622950819672266,tp
2020-01-31,2020-02-06,RELIANCE,2020-02-27,0.025398336446621594,tp
2020-01-31,2020-02-10,EICHERMOT,2020-02-27,-0.05850305382614862,sl
2020-02-07,2020-02-12,RELIANCE,2020-02-27,0.022086016271469222,tp
2020-02-05,2020-02-14,NMDC,2020-02-27,-0.07252682255845944,sl
2020-02-13,2020-02-17,SAIL,2020-02-27,-0.05496475770925102,sl
2020-02-05,2020-02-19,SUNPHARMA,2020-02-27,-0.051563115908024426,sl
2020-02-17,2020-02-19,DLF,2020-02-27,0.03212911277513053,tp
2020-02-06,2020-02-24,MARUTI,2020-02-27,-0.08214147088866186,sl
2020-02-11,2020-02-24,TATASTEEL,2020-02-27,-0.0699616505943037,sl
2020-02-18,2020-02-27,SIEMENS,2020-02-27,-0.034503772303071445,expiry
2020-07-31,2020-08-04,JUBLFOOD,2020-08-27,0.043179725900653554,tp
2020-07-31,2020-08-04,TATAPOWER,2020-08-27,0.022565573770491842,tp
2020-08-05,2020-08-10,TATAPOWER,2020-08-27,0.0487461928934011,tp
2020-08-05,2020-08-12,HEROMOTOCO,2020-08-27,0.024601327066629763,tp
2020-07-31,2020-08-13,GODREJCP,2020-08-27,0.023821929635225447,tp
2020-07-31,2020-08-17,BHARTIARTL,2020-08-27,-0.0558279288230511,sl
2020-07-31,2020-08-27,NESTLEIND,2020-08-27,-0.030771132537228962,expiry
2020-08-11,2020-08-27,HINDUNILVR,2020-08-27,-0.02175781795258569,expiry
2020-08-13,2020-08-27,TCS,2020-08-27,-0.009299487903937753,expiry
2020-08-14,2020-08-27,GODREJCP,2020-08-27,-0.008301401869158842,expiry
2020-08-18,2020-08-27,BHARTIARTL,2020-08-27,-0.03340170535291331,expiry
2020-08-28,2020-08-31,MUTHOOTFIN,2020-09-24,-0.05307261351006465,sl
2020-08-28,2020-08-31,ACC,2020-09-24,-0.05601837513825947,sl
2020-08-28,2020-09-01,BHARTIARTL,2020-09-24,0.045833269744372296,tp
2020-08-28,2020-09-03,WIPRO,2020-09-24,0.03737018088799571,tp
2020-08-28,2020-09-03,APOLLOHOSP,2020-09-24,0.01971885415728314,tp
2020-09-01,2020-09-07,MUTHOOTFIN,2020-09-24,-0.05907723629505812,sl
2020-09-08,2020-09-09,CIPLA,2020-09-24,0.028163144547760033,tp
2020-09-04,2020-09-11,TORNTPHARM,2020-09-24,0.024609580147164967,tp
2020-09-10,2020-09-11,BALKRISIND,2020-09-24,0.029660284052696162,tp
2020-09-02,2020-09-15,DRREDDY,2020-09-24,0.01901189278199611,tp
2020-09-04,2020-09-15,AMBUJACEM,2020-09-24,0.03716793893129766,tp
2020-09-14,2020-09-15,CIPLA,2020-09-24,0.028995162070633573,tp
2020-09-14,2020-09-21,MUTHOOTFIN,2020-09-24,-0.07353771073646853,sl
2020-09-16,2020-09-21,JINDALSTEL,2020-09-24,-0.13666958698372966,sl
2020-09-16,2020-09-21,TATASTEEL,2020-09-24,-0.08161538461538465,sl
2020-09-16,2020-09-21,SAIL,2020-09-24,-0.07822513089005245,sl
2020-09-01,2020-09-24,AUROPHARMA,2020-09-24,-0.09853131460537512,sl
2020-09-25,2020-09-28,JINDALSTEL,2020-10-29,0.04464785937057003,tp
2020-09-25,2020-09-28,TATAPOWER,2020-10-29,0.02155639097744355,tp
2020-09-25,2020-09-28,AUROPHARMA,2020-10-29,0.03707253752496309,tp
2020-09-25,2020-09-28,MARUTI,2020-10-29,0.03349784004849321,tp
2020-09-25,2020-09-29,MUTHOOTFIN,2020-10-29,0.03878524229074898,tp
2020-09-29,2020-09-30,SAIL,2020-10-29,-0.05267597765363108,sl
2020-09-29,2020-10-05,TATASTEEL,2020-10-29,0.031049555615405233,tp
2020-09-29,2020-10-05,JINDALSTEL,2020-10-29,0.023333419622055263,tp
2020-09-30,2020-10-05,HINDALCO,2020-10-29,0.024348903446311465,tp
2020-10-01,2020-10-06,DIVISLAB,2020-10-29,0.02663990267639893,tp
2020-09-29,2020-10-07,TATAPOWER,2020-10-29,0.04058964879852123,tp
2020-10-06,2020-10-09,TATACONSUM,2020-10-29,-0.06899842550679003,sl
2020-10-08,2020-10-09,VEDL,2020-10-29,0.027776978417266007,tp
2020-10-12,2020-10-14,TATACONSUM,2020-10-29,0.029716007967292346,tp
2020-10-06,2020-10-15,JINDALSTEL,2020-10-29,-0.05820882503848135,sl
2020-10-06,2020-10-16,TATASTEEL,2020-10-29,0.040793012524719896,tp
2020-10-07,2020-10-16,HINDALCO,2020-10-29,0.038159228332853234,tp
2020-10-19,2020-10-23,M&M,2020-10-29,0.042706731170239265,tp
2020-10-12,2020-10-26,HDFCLIFE,2020-10-29,0.025955133888987514,tp
2020-10-16,2020-10-26,RELIANCE,2020-10-29,-0.06757646087514901,sl
2020-10-15,2020-10-27,TATACONSUM,2020-10-29,0.04963291139240511,tp
2020-10-19,2020-10-29,JUBLFOOD,2020-10-29,-0.01580332409972307,expiry
2020-10-30,2020-11-03,HEROMOTOCO,2020-11-26,0.04351762192951225,tp
2020-10-30,2020-11-03,LUPIN,2020-11-26,0.027660675142481383,tp
2020-10-30,2020-11-04,BALKRISIND,2020-11-26,0.0220975228743584,tp
2020-11-04,2020-11-05,RELIANCE,2020-11-26,0.01974483333767696,tp
2020-10-30,2020-11-09,BRITANNIA,2020-11-26,0.022247131800755215,tp
2020-11-06,2020-11-10,LUPIN,2020-11-26,-0.06271161374510659,sl
2020-11-05,2020-11-11,HEROMOTOCO,2020-11-26,0.035000474359191514,tp
2020-11-10,2020-11-11,CIPLA,2020-11-26,0.03294418992086634,tp
2020-10-30,2020-11-12,TORNTPHARM,2020-11-26,0.019728618741476578,tp
2020-11-04,2020-11-20,GODREJCP,2020-11-26,0.028513505556782115,tp
2020-11-11,2020-11-26,LUPIN,2020-11-26,-0.012566080140327784,expiry
2020-11-12,2020-11-26,RELIANCE,2020-11-26,-0.02055953338696692,expiry
2020-11-12,2020-11-26,BRITANNIA,2020-11-26,0.008416811067238572,expiry
2020-11-13,2020-11-26,HEROMOTOCO,2020-11-26,-0.030461738210496025,expiry
2020-11-27,2020-12-02,LUPIN,2020-12-31,0.020496992648696977,tp
2020-11-27,2020-12-03,MUTHOOTFIN,2020-12-31,0.030069395559031764,tp
2020-11-27,2020-12-03,CIPLA,2020-12-31,0.02240197913880715,tp
2020-12-03,2020-12-07,LUPIN,2020-12-31,0.05176586504532865,tp
2020-11-27,2020-12-08,RELIANCE,2020-12-31,0.03130705864181638,tp
2020-12-04,2020-12-08,MUTHOOTFIN,2020-12-31,0.019386493947759598,tp
2020-11-27,2020-12-10,DABUR,2020-12-31,0.02754017501988859,tp
2020-12-08,2020-12-14,CIPLA,2020-12-31,0.0281091430059911,tp
2020-12-09,2020-12-16,MUTHOOTFIN,2020-12-31,0.024716323362839465,tp
2020-12-11,2020-12-18,ACC,2020-12-31,0.020248956110234917,tp
2020-12-04,2020-12-21,AMBUJACEM,2020-12-31,-0.07076744186046513,sl
2020-12-21,2020-12-22,INDIGO,2020-12-31,0.04326987983889763,tp
2020-12-22,2020-12-24,AMBUJACEM,2020-12-31,0.03898316498316501,tp
2020-12-23,2020-12-24,ACC,2020-12-31,0.02185876885137039,tp
2020-12-15,2020-12-28,DABUR,2020-12-31,0.019147229755908435,tp
2020-12-17,2020-12-28,AXISBANK,2020-12-31,0.02010121991427616,tp
2020-12-09,2020-12-31,RELIANCE,2020-12-31,-0.02580944184902878,expiry
2021-01-01,2021-01-05,BALKRISIND,2021-01-28,0.019515151515151374,tp
2021-01-01,2021-01-06,ACC,2021-01-28,0.028539477707785532,tp
2021-01-01,2021-01-06,AMBUJACEM,2021-01-28,0.0415193721438506,tp
2021-01-01,2021-01-06,POWERGRID,2021-01-28,0.03257817418677866,tp
2021-01-06,2021-01-07,BANDHANBNK,2021-01-28,0.024954390827768624,tp
2021-01-01,2021-01-08,M&M,2021-01-28,0.04618582388485304,tp
2021-01-07,2021-01-08,HEROMOTOCO,2021-01-28,0.037317818277173065,tp
2021-01-07,2021-01-12,PNB,2021-01-28,0.025610644257702986,tp
2021-01-07,2021-01-12,RELIANCE,2021-01-28,0.019542424006032788,tp
2021-01-11,2021-01-12,BANKBARODA,2021-01-28,0.10725545171339557,tp
2021-01-11,2021-01-13,ITC,2021-01-28,0.04300196656833821,tp
2021-01-08,2021-01-14,BRITANNIA,2021-01-28,0.027717891413964968,tp
2021-01-13,2021-01-18,BANDHANBNK,2021-01-28,-0.05682813950404464,sl
2021-01-13,2021-01-21,INDIGO,2021-01-28,0.020713311203825024,tp
2021-01-14,2021-01-21,BAJAJFINSV,2021-01-28,0.03334586226340941,tp
2021-01-15,2021-01-21,BAJFINANCE,2021-01-28,0.04712125168291792,tp
2021-01-19,2021-01-21,BANDHANBNK,2021-01-28,-0.06569780219780219,sl
2021-01-13,2021-01-22,PNB,2021-01-28,-0.06078260869565211,sl
2021-01-29,2021-02-01,SAIL,2021-02-25,0.09448611111111116,tp
2021-01-29,2021-02-01,KOTAKBANK,2021-02-25,0.04754904236796287,tp
2021-01-29,2021-02-01,DIVISLAB,2021-02-25,0.025547106365406136,tp
2021-01-29,2021-02-01,BAJFINANCE,2021-02-25,0.0676260102865539,tp
2021-01-29,2021-02-02,ASIANPAINT,2021-02-25,0.020248888980756052,tp
2021-02-02,2021-02-03,SAIL,2021-02-25,0.041253521126760506,tp
2021-02-02,2021-02-03,DIVISLAB,2021-02-25,0.03808643710470838,tp
2021-02-02,2021-02-03,NTPC,2021-02-25,0.02432327586206895,tp
2021-02-02,2021-02-04,BANDHANBNK,2021-02-25,0.019239326340670826,tp
2021-02-03,2021-02-05,DRREDDY,2021-02-25,0.030150776624045306,tp
2021-02-04,2021-02-08,SAIL,2021-02-25,0.045224961479198744,tp
2021-02-04,2021-02-08,NAUKRI,2021-02-25,0.05014367553655197,tp
2021-02-04,2021-02-09,ASIANPAINT,2021-02-25,0.038537146287441204,tp
2021-02-09,2021-02-10,NAUKRI,2021-02-25,0.032943136446379806,tp
2021-02-05,2021-02-12,BANDHANBNK,2021-02-25,0.026794653705953908,tp
2021-02-09,2021-02-15,SAIL,2021-02-25,-0.06201190476190477,sl
2021-02-11,2021-02-16,NMDC,2021-02-25,0.02011746590409136,tp
2021-02-08,2021-02-17,DRREDDY,2021-02-25,-0.05179433586123261,sl
2021-02-15,2021-02-17,COALINDIA,2021-02-25,0.025465028355387553,tp
2021-02-16,2021-02-18,SAIL,2021-02-25,0.03295061728395077,tp
2021-02-10,2021-02-22,ASIANPAINT,2021-02-25,-0.05147130414031742,sl
2021-02-17,2021-02-23,GODREJCP,2021-02-25,-0.05720933130278261,sl
2021-02-18,2021-02-25,DRREDDY,2021-02-25,-0.031015763674447694,expiry
2021-02-18,2021-02-25,TCS,2021-02-25,-0.02425657250962232,expiry
2021-02-26,2021-03-01,AUROPHARMA,2021-03-25,0.019620353159851223,tp
2021-02-26,2021-03-01,BALKRISIND,2021-03-25,0.021696672437007014,tp
2021-02-26,2021-03-02,MARUTI,2021-03-25,0.04728240680372642,tp
2021-02-26,2021-03-02,TCS,2021-03-25,0.037948092127879085,tp
2021-02-26,2021-03-02,BAJAJ-AUTO,2021-03-25,0.03510816751049883,tp
2021-03-02,2021-03-15,AUROPHARMA,2021-03-25,-0.05858308496879039,sl
2021-03-03,2021-03-15,BAJAJ-AUTO,2021-03-25,-0.061345377732964,sl
2021-03-03,2021-03-17,GODREJCP,2021-03-25,-0.05787304742970756,sl
2021-03-16,2021-03-18,NAUKRI,2021-03-25,-0.07200518263352262,sl
2021-03-02,2021-03-25,BHARTIARTL,2021-03-25,-0.06850551065393096,sl
2021-03-03,2021-03-25,MARUTI,2021-03-25,-0.053736470948949955,sl
2021-03-16,2021-03-25,BAJAJ-AUTO,2021-03-25,-0.04803560002722751,expiry
2021-03-18,2021-03-25,HAVELLS,2021-03-25,-0.0045967726256440624,expiry
2021-03-26,2021-03-31,BANKBARODA,2021-04-29,0.04384933426769455,tp
2021-03-26,2021-03-31,DLF,2021-04-29,0.02349849103497259,tp
2021-03-26,2021-04-01,PNB,2021-04-29,0.05839226519337004,tp
2021-03-26,2021-04-01,SBIN,2021-04-29,0.03535354516442346,tp
2021-03-26,2021-04-01,INDUSINDBK,2021-04-29,0.04149557337777321,tp
2021-04-01,2021-04-05,NAUKRI,2021-04-29,0.03396593093005651,tp
2021-04-05,2021-04-07,IDFCFIRSTB,2021-04-29,0.06480166821130673,tp
2021-04-05,2021-04-07,ASHOKLEY,2021-04-29,0.027960070206230703,tp
2021-04-01,2021-04-12,COALINDIA,2021-04-29,-0.06260781367392931,sl
2021-04-05,2021-04-12,INDUSINDBK,2021-04-29,-0.10181888758906732,sl
2021-04-06,2021-04-12,PFC,2021-04-29,-0.08556843940714909,sl
2021-04-08,2021-04-12,IDFCFIRSTB,2021-04-29,-0.1060308914386584,sl
2021-04-08,2021-04-12,FEDERALBNK,2021-04-29,-0.08848403575989772,sl
2021-04-13,2021-04-19,IDFCFIRSTB,2021-04-29,-0.06107393715341958,sl
2021-04-13,2021-04-19,DLF,2021-04-29,-0.07542041691018886,sl
2021-04-13,2021-04-19,BHEL,2021-04-29,-0.05655555555555547,sl
2021-04-13,2021-04-19,BANKBARODA,2021-04-29,-0.07413540912382333,sl
2021-04-20,2021-04-22,DLF,2021-04-29,0.05030934639131368,tp
2021-04-20,2021-04-26,IDFCFIRSTB,2021-04-29,0.029541871921182294,tp
2021-04-20,2021-04-27,BANKBARODA,2021-04-29,0.02892125984251981,tp
2021-04-20,2021-04-27,INDUSINDBK,2021-04-29,0.04384065868972875,tp
2021-04-13,2021-04-29,PFC,2021-04-29,-0.025079963652885007,expiry
2021-04-30,2021-05-04,IDFCFIRSTB,2021-05-27,0.028493087557603602,tp
2021-05-05,2021-05-06,GODREJPROP,2021-05-27,0.02409150061000409,tp
2021-04-30,2021-05-07,DLF,2021-05-27,0.041707493956486874,tp
2021-04-30,2021-05-07,ULTRACEMCO,2021-05-27,0.03278946200072952,tp
2021-04-30,2021-05-10,M&M,2021-05-27,0.03445724661604499,tp
2021-05-10,2021-05-12,PNB,2021-05-27,0.045875,tp
2021-04-30,2021-05-17,HCLTECH,2021-05-27,0.021115331453530062,tp
2021-05-11,2021-05-17,TITAN,2021-05-27,0.01954533485777621,tp
2021-05-14,2021-05-18,NAUKRI,2021-05-27,0.03545555529788269,tp
2021-05-07,2021-05-19,GODREJPROP,2021-05-27,0.029186564176475138,tp
2021-05-10,2021-05-26,INFY,2021-05-27,0.03603566259694968,tp
2021-05-19,2021-05-26,NAUKRI,2021-05-27,0.024388125785593906,tp
2021-05-20,2021-05-26,TCS,2021-05-27,0.030614929181250194,tp
2021-05-18,2021-05-27,DABUR,2021-05-27,-0.013834925988382984,expiry
2021-05-18,2021-05-27,HCLTECH,2021-05-27,0.008095773140716855,expiry
2021-05-28,2021-05-31,JINDALSTEL,2021-06-24,0.027252134605725842,tp
2021-05-28,2021-06-02,CHOLAFIN,2021-06-24,0.024624599615631015,tp
2021-05-28,2021-06-02,TATACONSUM,2021-06-24,0.027263692613245794,tp
2021-05-28,2021-06-03,NAUKRI,2021-06-24,0.021726260962471433,tp
2021-06-03,2021-06-08,BHARTIARTL,2021-06-24,0.026307584401009998,tp
2021-05-28,2021-06-10,HINDUNILVR,2021-06-24,0.019728291316526536,tp
2021-06-01,2021-06-10,JINDALSTEL,2021-06-24,0.02172156665829783,tp
2021-06-03,2021-06-10,SAIL,2021-06-24,0.04659967453213987,tp
2021-06-04,2021-06-11,AUROPHARMA,2021-06-24,0.054241160895072915,tp
2021-06-09,2021-06-11,TATASTEEL,2021-06-24,0.05334279900101746,tp
2021-06-11,2021-06-17,JINDALSTEL,2021-06-24,-0.06318964294159368,sl
2021-06-11,2021-06-24,NMDC,2021-06-24,-0.0499718614718615,expiry
2021-06-11,2021-06-24,BHARTIARTL,2021-06-24,-0.02628141723565225,expiry
2021-06-14,2021-06-24,ITC,2021-06-24,-0.022896053897978885,expiry
2021-06-14,2021-06-24,SUNPHARMA,2021-06-24,-0.02482878576156511,expiry
2021-06-25,2021-07-02,AUROPHARMA,2021-07-29,0.04218467336683418,tp
2021-06-25,2021-07-07,BHEL,2021-07-29,0.03787195121951237,tp
2021-07-05,2021-07-07,ADANIENT,2021-07-29,0.02111363555301915,tp
2021-06-25,2021-07-09,ADANIPORTS,2021-07-29,0.01986095025465706,tp
2021-07-08,2021-07-12,RECLTD,2021-07-29,0.025453184824225317,tp
2021-06-25,2021-07-19,LUPIN,2021-07-29,0.020899073833636206,tp
2021-07-12,2021-07-19,ADANIPORTS,2021-07-29,-0.0621933041605891,sl
2021-07-13,2021-07-20,CHOLAFIN,2021-07-29,-0.0560476373785006,sl
2021-07-20,2021-07-22,ADANIENT,2021-07-29,0.03761751488802034,tp
2021-07-20,2021-07-22,ADANIPORTS,2021-07-29,0.026918027918027998,tp
2021-06-25,2021-07-27,M&M,2021-07-29,-0.05662235018667339,sl
2021-07-08,2021-07-29,IDFCFIRSTB,2021-07-29,-0.030026217228464325,expiry
2021-07-22,2021-07-29,CHOLAFIN,2021-07-29,-0.01434276761346398,expiry
2021-07-30,2021-08-02,CHOLAFIN,2021-08-26,0.10558569783268779,tp
2021-07-30,2021-08-02,PNB,2021-08-26,0.031786885245901675,tp
2021-07-30,2021-08-02,IOC,2021-08-26,0.02402453385672232,tp
2021-07-30,2021-08-03,BANKBARODA,2021-08-26,0.03133830845771135,tp
2021-07-30,2021-08-09,BHEL,2021-08-26,-0.05562184873949583,sl
2021-08-04,2021-08-10,IDFCFIRSTB,2021-08-26,-0.07722868605817457,sl
2021-08-03,2021-08-11,AUROPHARMA,2021-08-26,-0.06941133673580191,sl
2021-08-10,2021-08-12,BHEL,2021-08-26,0.020897810218978186,tp
2021-08-12,2021-08-17,INDIGO,2021-08-26,0.02179935371910735,tp
2021-08-13,2021-08-17,BHEL,2021-08-26,-0.05396229802513475,sl
2021-08-11,2021-08-20,PNB,2021-08-26,-0.054333333333333345,sl
2021-08-18,2021-08-20,BHEL,2021-08-26,-0.05594505494505497,sl
2021-08-03,2021-08-26,CIPLA,2021-08-26,-0.01814069427922571,expiry
2021-08-03,2021-08-26,BAJAJ-AUTO,2021-08-26,-0.04212599141854123,expiry
2021-08-18,2021-08-26,VOLTAS,2021-08-26,-0.03281749203298101,expiry
2021-08-27,2021-08-30,SAIL,2021-09-30,0.026789653698161664,tp
2021-08-27,2021-08-30,NMDC,2021-09-30,0.0202418300653594,tp
2021-08-27,2021-08-30,JINDALSTEL,2021-09-30,0.026915716011273516,tp
2021-08-27,2021-09-03,BHEL,2021-09-30,0.022897058823529437,tp
2021-08-27,2021-09-03,JSWSTEEL,2021-09-30,0.021551403935441082,tp
2021-08-31,2021-09-03,JINDALSTEL,2021-09-30,0.04089242764635903,tp
2021-09-06,2021-09-07,JINDALSTEL,2021-09-30,0.024949124376837717,tp
2021-09-06,2021-09-09,ASHOKLEY,2021-09-30,0.023948875255623725,tp
2021-09-08,2021-09-13,JINDALSTEL,2021-09-30,0.019930525784894848,tp
2021-09-13,2021-09-15,ASHOKLEY,2021-09-30,0.03901616814874698,tp
2021-08-31,2021-09-17,SAIL,2021-09-30,-0.056740432612312874,sl
2021-08-31,2021-09-20,NMDC,2021-09-30,-0.12187912087912078,sl
2021-09-06,2021-09-20,JSWSTEEL,2021-09-30,-0.0810464037122971,sl
2021-09-14,2021-09-20,VEDL,2021-09-30,-0.05938815789473684,sl
2021-09-16,2021-09-20,JINDALSTEL,2021-09-30,-0.11610337871911258,sl
2021-09-20,2021-09-21,SAIL,2021-09-30,0.05773993368072017,tp
2021-09-21,2021-09-23,TATASTEEL,2021-09-30,0.02284731524137651,tp
2021-09-21,2021-09-24,INFY,2021-09-30,0.024930889808286172,tp
2021-09-22,2021-09-29,SAIL,2021-09-30,0.027238458090542372,tp
2021-09-21,2021-09-30,JSWSTEEL,2021-09-30,-2.796470764165806e-05,expiry
2021-09-21,2021-09-30,SIEMENS,2021-09-30,-0.020195317540787183,expiry
2021-10-01,2021-10-04,APOLLOHOSP,2021-10-28,0.020378283693182397,tp
2021-10-01,2021-10-04,TATASTEEL,2021-10-28,0.01974943428067355,tp
2021-10-01,2021-10-04,DIVISLAB,2021-10-28,0.07978313875400345,tp
2021-10-01,2021-10-06,TATACONSUM,2021-10-28,0.020682405566600504,tp
2021-10-05,2021-10-11,BPCL,2021-10-28,0.019399013674063936,tp
2021-10-05,2021-10-13,TATASTEEL,2021-10-28,0.026892210589969268,tp
2021-10-01,2021-10-14,ACC,2021-10-28,0.030646980164920845,tp
2021-10-05,2021-10-20,APOLLOHOSP,2021-10-28,-0.07697057485548175,sl
2021-10-07,2021-10-21,AMBUJACEM,2021-10-28,-0.05791660480079186,sl
2021-10-18,2021-10-22,GODREJCP,2021-10-28,-0.05846170035730014,sl
2021-10-12,2021-10-25,BPCL,2021-10-28,-0.052189301764770324,sl
2021-10-21,2021-10-26,APOLLOHOSP,2021-10-28,0.026434875290547333,tp
2021-10-14,2021-10-28,TCS,2021-10-28,-0.05797153490936657,sl
2021-10-29,2021-11-01,COALINDIA,2021-11-25,0.03151291400790035,tp
2021-10-29,2021-11-01,HCLTECH,2021-11-25,0.03847540412182482,tp
2021-10-29,2021-11-01,TCS,2021-11-25,0.02371251739544411,tp
2021-10-29,2021-11-08,JUBLFOOD,2021-11-25,0.046994172714274085,tp
2021-11-02,2021-11-08,COALINDIA,2021-11-25,0.022490930716622004,tp
2021-11-02,2021-11-15,CIPLA,2021-11-25,0.0382774279085184,tp
2021-11-09,2021-11-15,COALINDIA,2021-11-25,-0.06139284667253009,sl
2021-11-02,2021-11-22,HCLTECH,2021-11-25,-0.05667360815979605,sl
2021-11-16,2021-11-22,BHEL,2021-11-25,-0.05738214565387634,sl
2021-10-29,2021-11-25,TORNTPHARM,2021-11-25,0.042203408773400564,tp
2021-11-09,2021-11-25,TCS,2021-11-25,-0.02228233906829391,expiry
2021-11-16,2021-11-25,HINDALCO,2021-11-25,0.0005681003584231412,expiry
2021-11-26,2021-11-30,BAJFINANCE,2021-12-30,0.02903284842796816,tp
2021-11-26,2021-12-02,BHEL,2021-12-30,0.01997315436241609,tp
2021-11-26,2021-12-02,HINDALCO,2021-12-30,0.03329322499701293,tp
2021-12-01,2021-12-07,INDIGO,2021-12-30,0.020908330931104113,tp
2021-12-03,2021-12-07,BHEL,2021-12-30,0.02616049382716057,tp
2021-11-26,2021-12-08,FEDERALBNK,2021-12-30,0.022072594259988976,tp
2021-11-26,2021-12-08,BALKRISIND,2021-12-30,0.027223765929061172,tp
2021-12-08,2021-12-09,BHEL,2021-12-30,0.022809523809523724,tp
2021-12-03,2021-12-10,GODREJPROP,2021-12-30,0.03880222496909769,tp
2021-12-08,2021-12-10,BANKBARODA,2021-12-30,0.02554387865655483,tp
2021-12-10,2021-12-17,IOC,2021-12-30,-0.061995850622406645,sl
2021-12-09,2021-12-20,ASHOKLEY,2021-12-30,-0.06654818571985954,sl
2021-12-09,2021-12-20,AMBUJACEM,2021-12-30,-0.07634246575342474,sl
2021-12-13,2021-12-20,MUTHOOTFIN,2021-12-30,-0.0596779899027049,sl
2021-12-13,2021-12-20,NAUKRI,2021-12-30,-0.06904564777970135,sl
2021-12-20,2021-12-22,GODREJPROP,2021-12-30,0.025495915213071263,tp
2021-12-21,2021-12-22,INDIGO,2021-12-30,0.04114163288625294,tp
2021-12-21,2021-12-22,BHARTIARTL,2021-12-30,0.02575961322239706,tp
2021-12-21,2021-12-28,M&M,2021-12-30,0.028763731205891374,tp
2021-12-21,2021-12-29,APOLLOHOSP,2021-12-30,0.024407394427895635,tp
2021-12-23,2021-12-30,GODREJPROP,2021-12-30,-0.022187117380888965,expiry
2021-12-23,2021-12-30,IOC,2021-12-30,-0.017896398399288582,expiry
2021-12-23,2021-12-30,ACC,2021-12-30,0.000737398072646501,expiry
2021-12-31,2022-01-03,BAJAJFINSV,2022-01-27,0.035681384599956956,tp
2021-12-31,2022-01-03,BANKBARODA,2022-01-27,0.022086269744835962,tp
2021-12-31,2022-01-04,IOC,2022-01-27,0.021767857142857117,tp
2021-12-31,2022-01-05,GODREJPROP,2022-01-27,0.02613693387199667,tp
2022-01-04,2022-01-06,BANKBARODA,2022-01-27,0.031028469750889687,tp
2022-01-04,2022-01-07,JUBLFOOD,2022-01-27,0.0421134418989787,tp
2022-01-07,2022-01-10,ITC,2022-01-27,0.021784233310549017,tp
2022-01-05,2022-01-11,OFSS,2022-01-27,0.02235422424003153,tp
2022-01-06,2022-01-12,GODREJPROP,2022-01-27,0.02385040110794645,tp
2022-01-12,2022-01-13,VEDL,2022-01-27,0.01950284346004183,tp
2022-01-10,2022-01-14,SIEMENS,2022-01-27,0.02932525235096206,tp
2022-01-13,2022-01-17,GODREJPROP,2022-01-27,0.02384680818057261,tp
2021-12-31,2022-01-18,APOLLOHOSP,2022-01-27,-0.08404985569914014,sl
2022-01-18,2022-01-19,SIEMENS,2022-01-27,0.024730210853784906,tp
2022-01-19,2022-01-20,APOLLOHOSP,2022-01-27,0.026900616460260873,tp
2022-01-17,2022-01-21,WIPRO,2022-01-27,-0.06561086637298097,sl
2022-01-14,2022-01-24,VEDL,2022-01-27,-0.07236485280999105,sl
2022-01-11,2022-01-27,ITC,2022-01-27,-0.03672230959334988,expiry
2022-01-28,2022-01-31,TECHM,2022-02-24,0.04451067207620396,tp
2022-01-28,2022-01-31,INFY,2022-02-24,0.02818391484328797,tp
2022-01-28,2022-01-31,MPHASIS,2022-02-24,0.022950422461123776,tp
2022-01-28,2022-02-01,ASIANPAINT,2022-02-24,0.025552359586571538,tp
2022-01-28,2022-02-02,APOLLOHOSP,2022-02-24,0.038325780233708584,tp
2022-02-01,2022-02-02,HCLTECH,2022-02-24,0.03286691361291194,tp
2022-02-01,2022-02-08,COFORGE,2022-02-24,-0.05225229971567147,sl
2022-02-02,2022-02-08,MPHASIS,2022-02-24,-0.05129284441049142,sl
2022-02-03,2022-02-09,HCLTECH,2022-02-24,0.021079156584859926,tp
2022-02-01,2022-02-11,TECHM,2022-02-24,-0.05748819575510744,sl
2022-02-14,2022-02-15,TECHM,2022-02-24,0.0370074863230635,tp
2022-02-03,2022-02-24,INFY,2022-02-24,-0.03541726618705032,expiry
2022-02-09,2022-02-24,APOLLOHOSP,2022-02-24,-0.04575493941709419,expiry
2022-02-09,2022-02-24,ASIANPAINT,2022-02-24,-0.05612953048093694,sl
2022-02-10,2022-02-24,HCLTECH,2022-02-24,-0.07925284269710064,sl
2022-02-16,2022-02-24,TECHM,2022-02-24,-0.079474870017331,sl
2022-04-01,2022-04-04,HINDALCO,2022-04-28,0.02151898402723218,tp
2022-04-01,2022-04-04,SIEMENS,2022-04-28,0.02471644676023177,tp
2022-04-01,2022-04-05,LT,2022-04-28,0.023860109685142405,tp
2022-04-05,2022-04-12,HINDALCO,2022-04-28,-0.07323783967970032,sl
2022-04-05,2022-04-13,APOLLOHOSP,2022-04-28,0.03500397375574493,tp
2022-04-13,2022-04-18,MPHASIS,2022-04-28,-0.0589319581230503,sl
2022-04-06,2022-04-19,ONGC,2022-04-28,0.0203133640552996,tp
2022-04-01,2022-04-21,MARUTI,2022-04-28,0.021977035923487764,tp
2022-04-18,2022-04-22,CIPLA,2022-04-28,-0.061611938127333676,sl
2022-04-01,2022-04-28,TITAN,2022-04-28,-0.009894235509889993,expiry
2022-07-29,2022-08-01,RELIANCE,2022-08-25,0.021839665547853992,tp
2022-07-29,2022-08-01,POWERGRID,2022-08-25,0.02078496134926222,tp
2022-07-29,2022-08-01,ASHOKLEY,2022-08-25,0.03434511503834614,tp
2022-07-29,2022-08-01,MARUTI,2022-08-25,0.022546108992664515,tp
2022-07-29,2022-08-12,AMBUJACEM,2022-08-25,0.02457646435197447,tp
2022-08-02,2022-08-17,HEROMOTOCO,2022-08-25,0.05099194592262346,tp
2022-08-02,2022-08-17,ACC,2022-08-25,0.019932827493862937,tp
2022-08-02,2022-08-25,BRITANNIA,2022-08-25,-0.04247374513311575,expiry
2022-08-02,2022-08-25,ASHOKLEY,2022-08-25,-0.01374740020127474,expiry
2022-08-16,2022-08-25,BALKRISIND,2022-08-25,-0.06515145429519154,sl
2022-08-18,2022-08-25,MARICO,2022-08-25,0.005307617661329479,expiry
2022-08-18,2022-08-25,TATACONSUM,2022-08-25,-0.0132869844406025,expiry
2022-08-26,2022-08-30,BRITANNIA,2022-09-29,0.02597839274759728,tp
2022-08-26,2022-08-30,HINDUNILVR,2022-09-29,0.030277771338047432,tp
2022-08-26,2022-09-01,TATACONSUM,2022-09-29,0.04265054795368706,tp
2022-08-26,2022-09-01,MARICO,2022-09-29,0.019819277108433675,tp
2022-09-02,2022-09-07,SBILIFE,2022-09-29,0.030540748175886923,tp
2022-09-02,2022-09-15,PFC,2022-09-29,0.021365591397849326,tp
2022-09-08,2022-09-16,INDIGO,2022-09-29,-0.05882478424543525,sl
2022-08-26,2022-09-20,SUNPHARMA,2022-09-29,0.02775831735649026,tp
2022-09-19,2022-09-20,HEROMOTOCO,2022-09-29,0.026663820822707796,tp
2022-09-01,2022-09-22,BRITANNIA,2022-09-29,0.025405691089586457,tp
2022-09-21,2022-09-22,HINDUNILVR,2022-09-29,0.024746907706945875,tp
2022-09-01,2022-09-29,DABUR,2022-09-29,0.002142183817753219,expiry
2022-09-16,2022-09-29,BAJAJ-AUTO,2022-09-29,-0.05795533074774217,sl
2022-09-21,2022-09-29,NESTLEIND,2022-09-29,0.01471802236949793,expiry
2022-09-30,2022-10-04,COALINDIA,2022-10-27,0.047757618377871514,tp
2022-09-30,2022-10-06,ABB,2022-10-27,0.029847004652810205,tp
2022-09-30,2022-10-06,ASHOKLEY,2022-10-27,0.022755287992190065,tp
2022-09-30,2022-10-19,SIEMENS,2022-10-27,0.03789917492045791,tp
2022-09-30,2022-10-27,CHOLAFIN,2022-10-27,-0.024616688218879745,expiry
2022-10-06,2022-10-27,HEROMOTOCO,2022-10-27,-0.015987353240968005,expiry
2022-10-07,2022-10-27,DLF,2022-10-27,0.0316453527586672,tp
2022-10-07,2022-10-27,ADANIPORTS,2022-10-27,0.0009491990010356286,expiry
2022-10-28,2022-11-01,PIDILITIND,2022-11-24,0.02575676200462118,tp
2022-10-28,2022-11-01,ADANIENT,2022-11-24,0.07311287546582446,tp
2022-10-28,2022-11-15,GODREJCP,2022-11-24,0.019256502457149716,tp
2022-10-28,2022-11-17,TATACONSUM,2022-11-24,0.029360407417080236,tp
2022-11-16,2022-11-17,ABB,2022-11-24,0.027312738267385117,tp
2022-11-02,2022-11-22,INDUSINDBK,2022-11-24,0.02387409678125685,tp
2022-10-28,2022-11-24,HINDUNILVR,2022-11-24,0.010043479984931714,expiry
2022-11-02,2022-11-24,ASIANPAINT,2022-11-24,-0.013365864499333413,expiry
2022-11-25,2022-11-30,CIPLA,2022-12-29,0.027077268643306396,tp
2022-11-25,2022-12-01,ZYDUSLIFE,2022-12-29,0.02159538214594392,tp
2022-11-25,2022-12-02,POLYCAB,2022-12-29,0.04556082602282452,tp
2022-12-01,2022-12-05,COALINDIA,2022-12-29,0.021632388486046872,tp
2022-12-06,2022-12-07,SIEMENS,2022-12-29,0.05129239220191717,tp
2022-12-05,2022-12-16,ABB,2022-12-29,-0.05116175832972025,sl
2022-11-25,2022-12-22,EICHERMOT,2022-12-29,-0.06359641973511865,sl
2022-11-25,2022-12-23,BAJFINANCE,2022-12-29,-0.06495993508543907,sl
2022-12-08,2022-12-23,COALINDIA,2022-12-29,-0.07118299246501625,sl
2022-12-02,2022-12-29,M&M,2022-12-29,-0.013822523723629465,expiry
2022-12-19,2022-12-29,HCLTECH,2022-12-29,0.006473841554558991,expiry
2022-12-30,2023-01-02,PERSISTENT,2023-01-25,0.03351257760167281,tp
2022-12-30,2023-01-05,ABB,2023-01-25,0.040396794848069795,tp
2023-01-03,2023-01-05,TRENT,2023-01-25,-0.05211160351576927,sl
2022-12-30,2023-01-09,HCLTECH,2023-01-25,0.02546347363328494,tp
2023-01-10,2023-01-13,ADANIENT,2023-01-25,0.02043219073965019,tp
2023-01-06,2023-01-20,DABUR,2023-01-25,0.022001984484936066,tp
2023-01-06,2023-01-20,PIDILITIND,2023-01-25,-0.05193378607809851,sl
2022-12-30,2023-01-24,AMBUJACEM,2023-01-25,-0.054334596438044724,sl
2022-12-30,2023-01-25,DLF,2023-01-25,-0.06766666666666665,sl
2023-01-16,2023-01-25,ACC,2023-01-25,-0.08481222006253697,sl
2023-01-27,2023-01-31,BANKBARODA,2023-02-23,0.06724644549763037,tp
2023-01-27,2023-01-31,SBIN,2023-02-23,0.026121448928932645,tp
2023-01-27,2023-01-31,PNB,2023-02-23,0.0536875,tp
2023-01-27,2023-02-01,INDUSINDBK,2023-02-23,-0.06884634536724166,sl
2023-02-01,2023-02-03,BANKBARODA,2023-02-23,0.05537886597938135,tp
2023-02-01,2023-02-03,PNB,2023-02-23,0.02664067127344516,tp
2023-02-01,2023-02-03,PFC,2023-02-23,0.036267080745341684,tp
2023-02-02,2023-02-03,INDUSINDBK,2023-02-23,0.02353675892980911,tp
2023-02-06,2023-02-15,PFC,2023-02-23,0.03308695652173921,tp
2023-02-06,2023-02-21,PNB,2023-02-23,-0.051387596899224786,sl
2023-02-06,2023-02-22,SBIN,2023-02-23,-0.05601647748077643,sl
2023-02-06,2023-02-22,BANKBARODA,2023-02-23,-0.06905349182763743,sl
2023-01-27,2023-02-23,AXISBANK,2023-02-23,-0.04013961316825476,expiry
2023-02-16,2023-02-23,HINDALCO,2023-02-23,-0.005126547455295726,expiry
2023-02-24,2023-02-27,BANKBARODA,2023-03-29,0.02443464262717321,tp
2023-02-24,2023-02-28,VEDL,2023-03-29,-0.08737592968221775,sl
2023-02-24,2023-03-01,PNB,2023-03-29,0.05333646812957171,tp
2023-02-24,2023-03-01,BHEL,2023-03-29,0.06068359941944845,tp
2023-02-24,2023-03-01,SAIL,2023-03-29,0.027194361127774624,tp
2023-03-01,2023-03-13,M&M,2023-03-29,-0.06579853050377138,sl
2023-04-28,2023-05-02,NTPC,2023-05-25,0.022740590619571566,tp
2023-04-28,2023-05-02,SAIL,2023-05-25,0.021208883553421543,tp
2023-04-28,2023-05-03,GODREJCP,2023-05-25,0.035052819023615345,tp
2023-05-03,2023-05-08,ULTRACEMCO,2023-05-25,0.027538910982154108,tp
2023-05-04,2023-05-09,GODREJCP,2023-05-25,0.019168605271582595,tp
2023-04-28,2023-05-11,HCLTECH,2023-05-25,0.021665542755455625,tp
2023-05-10,2023-05-12,GODREJCP,2023-05-25,0.033236657012825854,tp
2023-04-28,2023-05-17,SUNPHARMA,2023-05-25,-0.05572686958274553,sl
2023-05-15,2023-05-22,TECHM,2023-05-25,0.032361486486486624,tp
2023-05-03,2023-05-25,NTPC,2023-05-25,-0.014551665725578755,expiry
2023-05-09,2023-05-25,HDFCBANK,2023-05-25,-0.01776661363358223,expiry
2023-05-12,2023-05-25,DRREDDY,2023-05-25,0.0029254170755642636,expiry
2023-05-18,2023-05-25,JINDALSTEL,2023-05-25,-0.02814802819584683,expiry
2023-05-26,2023-05-29,JINDALSTEL,2023-06-29,0.019312798016403065,tp
2023-05-26,2023-06-05,LT,2023-06-29,0.02076983610967853,tp
2023-05-26,2023-06-06,DRREDDY,2023-06-29,0.021651558322009268,tp
2023-05-26,2023-06-07,JSWSTEEL,2023-06-29,0.038176861608090085,tp
2023-05-30,2023-06-14,JINDALSTEL,2023-06-29,0.03013431419079249,tp
2023-06-06,2023-06-14,ONGC,2023-06-29,0.02619326642926534,tp
2023-06-07,2023-06-15,DRREDDY,2023-06-29,0.026455447441820712,tp
2023-05-26,2023-06-27,HDFCBANK,2023-06-29,0.020374892201552197,tp
2023-06-08,2023-06-27,KOTAKBANK,2023-06-29,-0.021448811578807625,expiry
2023-06-15,2023-06-27,ONGC,2023-06-29,-0.0022670256572694383,expiry
2023-06-15,2023-06-27,COALINDIA,2023-06-29,-0.019086729134887626,expiry
2023-06-16,2023-06-27,SIEMENS,2023-06-29,-0.02677747335976499,expiry
2023-06-30,2023-07-04,EICHERMOT,2023-07-27,-0.05928638041577616,sl
2023-06-30,2023-07-05,BANDHANBNK,2023-07-27,-0.07043303204601481,sl
2023-06-30,2023-07-10,PERSISTENT,2023-07-27,-0.05858166942050047,sl
2023-07-06,2023-07-14,MARICO,2023-07-27,0.02014404379837631,tp
2023-07-11,2023-07-14,PERSISTENT,2023-07-27,0.0424273538532941,tp
2023-06-30,2023-07-17,KOTAKBANK,2023-07-27,0.024292929292929366,tp
2023-07-05,2023-07-18,HAVELLS,2023-07-27,0.028663632155531693,tp
2023-06-30,2023-07-27,COALINDIA,2023-07-27,-0.013518886250809437,expiry
2023-07-17,2023-07-27,MARICO,2023-07-27,0.040095890410958845,tp
2023-07-17,2023-07-27,PIDILITIND,2023-07-27,-0.015681366977343347,expiry
2023-07-18,2023-07-27,GODREJCP,2023-07-27,-0.014629190378269818,expiry
2023-07-19,2023-07-27,SIEMENS,2023-07-27,0.004448933029123637,expiry
2023-07-28,2023-08-01,HCLTECH,2023-08-31,0.030428700076545412,tp
2023-07-28,2023-08-01,PERSISTENT,2023-08-31,0.02037885141487028,tp
2023-08-02,2023-08-14,CHOLAFIN,2023-08-31,-0.05688261932795924,sl
2023-08-16,2023-08-21,CHOLAFIN,2023-08-31,0.023417694265022493,tp
2023-07-28,2023-08-24,AUBANK,2023-08-31,0.02112114947281374,tp
2023-08-22,2023-08-30,NAUKRI,2023-08-31,0.04051691363478971,tp
2023-07-28,2023-08-31,GODREJCP,2023-08-31,-0.03916355810616923,expiry
2023-07-28,2023-08-31,HINDUNILVR,2023-08-31,-0.039378056510631754,expiry
2023-08-02,2023-08-31,BAJFINANCE,2023-08-31,-0.01144940017818541,expiry
2023-09-01,2023-09-04,TORNTPHARM,2023-09-28,0.019672983411597955,tp
2023-09-01,2023-09-04,MUTHOOTFIN,2023-09-28,0.022054755043227625,tp
2023-09-01,2023-09-05,IOC,2023-09-28,0.020739130434782704,tp
2023-09-05,2023-09-06,TORNTPHARM,2023-09-28,0.02459395535690534,tp
2023-09-01,2023-09-11,INDIGO,2023-09-28,0.022097659600539,tp
2023-09-01,2023-09-12,NESTLEIND,2023-09-28,0.0190238520083027,tp
2023-09-12,2023-09-13,ZYDUSLIFE,2023-09-28,0.023813106410052298,tp
2023-09-06,2023-09-15,MUTHOOTFIN,2023-09-28,0.04536961746050505,tp
2023-09-05,2023-09-25,NAUKRI,2023-09-28,-0.052947762772625584,sl
2023-09-07,2023-09-28,TORNTPHARM,2023-09-28,-0.019805397017437776,expiry
2023-09-13,2023-09-28,INDIGO,2023-09-28,-0.04355014911958155,expiry
2023-09-14,2023-09-28,ASHOKLEY,2023-09-28,-0.03808829227788546,expiry
2023-09-18,2023-09-28,GODREJCP,2023-09-28,-0.006821539696878375,expiry
2023-09-29,2023-10-05,GODREJPROP,2023-10-26,0.025909555768616088,tp
2023-09-29,2023-10-12,ABB,2023-10-26,0.022317820438239155,tp
2023-09-29,2023-10-18,SIEMENS,2023-10-26,-0.05528455394612153,sl
2023-10-06,2023-10-23,SAIL,2023-10-26,-0.06774144699943918,sl
2023-09-29,2023-10-25,PFC,2023-10-26,-0.06311792545848949,sl
2023-09-29,2023-10-26,ASHOKLEY,2023-10-26,-0.06545257528848869,sl
2023-10-13,2023-10-26,NAUKRI,2023-10-26,-0.024544049963155845,expiry
2023-10-27,2023-11-01,IDFCFIRSTB,2023-11-30,-0.06043450663589156,sl
2023-10-27,2023-11-02,MPHASIS,2023-11-30,0.03215565782985419,tp
2023-10-27,2023-11-06,JUBLFOOD,2023-11-30,0.01962166784025754,tp
2023-10-27,2023-11-06,DIVISLAB,2023-11-30,0.023322790061279908,tp
2023-11-02,2023-11-09,IDFCFIRSTB,2023-11-30,0.024392986698911767,tp
2023-10-27,2023-11-13,AUBANK,2023-11-30,0.05582806610611779,tp
2023-11-07,2023-11-13,BANKBARODA,2023-11-30,0.022908523908523937,tp
2023-11-03,2023-11-15,MPHASIS,2023-11-30,0.0269087606885815,tp
2023-11-07,2023-11-15,JINDALSTEL,2023-11-30,0.02899129540238976,tp
2023-11-15,2023-11-16,BAJFINANCE,2023-11-30,0.022143977715259777,tp
2023-11-15,2023-11-28,ADANIENT,2023-11-30,0.08655595344673228,tp
2023-11-16,2023-11-28,JINDALSTEL,2023-11-30,0.028121725731895197,tp
2023-11-16,2023-11-28,AMBUJACEM,2023-11-30,0.02287456942629762,tp
2023-11-10,2023-11-30,CHOLAFIN,2023-11-30,-0.032746031746031856,expiry
2023-11-17,2023-11-30,BAJFINANCE,2023-11-30,-0.017969839058901482,expiry
2023-12-01,2023-12-04,BAJFINANCE,2023-12-28,0.019518543368272634,tp
2023-12-01,2023-12-06,CHOLAFIN,2023-12-28,0.021710268033977242,tp
2023-12-01,2023-12-07,BALKRISIND,2023-12-28,0.022280607893308324,tp
2023-12-01,2023-12-07,VOLTAS,2023-12-28,0.035234036234036314,tp
2023-12-07,2023-12-08,CHOLAFIN,2023-12-28,0.024756712952823112,tp
2023-12-08,2023-12-13,GODREJCP,2023-12-28,0.021240607358380292,tp
2023-12-05,2023-12-18,BAJFINANCE,2023-12-28,0.02687381011981682,tp
2023-12-01,2023-12-19,CIPLA,2023-12-28,0.023651085969113805,tp
2023-12-08,2023-12-19,MARICO,2023-12-28,0.030604614086092163,tp
2023-12-14,2023-12-19,COALINDIA,2023-12-28,0.05357922560365769,tp
2023-12-11,2023-12-20,BALKRISIND,2023-12-28,-0.05808547371673545,sl
2023-12-20,2023-12-22,DIVISLAB,2023-12-28,0.02055398142278342,tp
2023-12-20,2023-12-22,APOLLOHOSP,2023-12-28,0.023749182417826087,tp
2023-12-20,2023-12-26,ASHOKLEY,2023-12-28,0.02426439482961229,tp
2023-12-19,2023-12-28,MARUTI,2023-12-28,0.0007024888533321292,expiry
2023-12-29,2024-01-01,ASHOKLEY,2024-01-25,0.020567021567021393,tp
2024-01-02,2024-01-04,AXISBANK,2024-01-25,0.027786153495786725,tp
2023-12-29,2024-01-08,JUBLFOOD,2024-01-25,-0.06278428761651123,sl
2023-12-29,2024-01-10,BALKRISIND,2024-01-25,0.023453372479332546,tp
2024-01-09,2024-01-11,POLYCAB,2024-01-25,-0.20383260047039575,sl
2023-12-29,2024-01-15,HDFCLIFE,2024-01-25,-0.056564071122011006,sl
2024-01-12,2024-01-15,PFC,2024-01-25,0.01999378881987568,tp
2024-01-16,2024-01-19,M&M,2024-01-25,0.02249458884469513,tp
2023-12-29,2024-01-23,MARUTI,2024-01-25,-0.05478102751587455,sl
2024-01-05,2024-01-23,EICHERMOT,2024-01-25,-0.07004838398766311,sl
2024-01-11,2024-01-25,JUBLFOOD,2024-01-25,-0.03874120317820662,expiry
2024-01-16,2024-01-25,BAJAJFINSV,2024-01-25,-0.0005079345552959627,expiry
2024-01-29,2024-01-31,EICHERMOT,2024-02-29,0.042294085803220915,tp
2024-01-29,2024-02-02,HINDALCO,2024-02-29,0.024334148685244972,tp
2024-01-29,2024-02-06,JUBLFOOD,2024-02-29,-0.054828806745759406,sl
2024-02-01,2024-02-06,MUTHOOTFIN,2024-02-29,0.022004953219592616,tp
2024-01-29,2024-02-07,JSWSTEEL,2024-02-29,0.028305376739623633,tp
2024-02-05,2024-02-07,ABB,2024-02-29,0.045282686720218845,tp
2024-02-07,2024-02-12,CHOLAFIN,2024-02-29,-0.05474592833876202,sl
2024-02-07,2024-02-13,AUROPHARMA,2024-02-29,0.02219317671704324,tp
2024-02-14,2024-02-15,AUROPHARMA,2024-02-29,0.02237714457710449,tp
2024-02-08,2024-02-21,INDUSINDBK,2024-02-29,0.020693727683082863,tp
2024-02-16,2024-02-22,CHOLAFIN,2024-02-29,-0.052554935229205624,sl
2024-02-08,2024-02-27,MUTHOOTFIN,2024-02-29,-0.05129466671547278,sl
2024-01-29,2024-02-29,IDFCFIRSTB,2024-02-29,-0.025654239326518447,expiry
2024-02-13,2024-02-29,HINDALCO,2024-02-29,-0.01857640855385201,expiry
2024-02-22,2024-02-29,AUROPHARMA,2024-02-29,-0.021150892942412347,expiry
2024-03-01,2024-03-04,AUROPHARMA,2024-03-28,0.06430810286268807,tp
2024-03-01,2024-03-06,PFC,2024-03-28,0.024730431646026285,tp
2024-03-01,2024-03-07,HINDALCO,2024-03-28,0.030846522781774577,tp
2024-03-01,2024-03-07,RECLTD,2024-03-28,0.022918243096325397,tp
2024-03-07,2024-03-13,PFC,2024-03-28,-0.07727809479445669,sl
2024-03-11,2024-03-13,IOC,2024-03-28,-0.061909350872176194,sl
2024-03-05,2024-03-14,INFY,2024-03-28,0.026439781475043556,tp
2024-03-14,2024-03-20,APOLLOHOSP,2024-03-28,0.020021615866491538,tp
2024-03-14,2024-03-21,NMDC,2024-03-28,0.024836614173228244,tp
2024-03-11,2024-03-22,HINDALCO,2024-03-28,0.02222761194029854,tp
2024-03-15,2024-03-22,IOC,2024-03-28,0.022787457522397303,tp
2024-03-01,2024-03-28,BRITANNIA,2024-03-28,-0.0103169269282406,expiry
2024-04-01,2024-04-02,TATACONSUM,2024-04-25,0.036941740480321505,tp
2024-04-01,2024-04-04,MPHASIS,2024-04-25,0.020109246416078697,tp
2024-04-03,2024-04-04,COFORGE,2024-04-25,0.028676987565606438,tp
2024-04-05,2024-04-08,NMDC,2024-04-25,0.02732343535861126,tp
2024-04-09,2024-04-10,BPCL,2024-04-25,0.030619209519762047,tp
2024-04-01,2024-04-15,WIPRO,2024-04-25,-0.05717056170561707,sl
2024-04-05,2024-04-15,COFORGE,2024-04-25,-0.06830096785612527,sl
2024-04-01,2024-04-16,INFY,2024-04-25,-0.059354909380601395,sl
2024-04-01,2024-04-16,HCLTECH,2024-04-25,-0.05864570845555417,sl
2024-04-16,2024-04-22,WIPRO,2024-04-25,0.032094812164579545,tp
2024-04-18,2024-04-24,CIPLA,2024-04-25,0.03256275902901129,tp
2024-04-12,2024-04-25,RECLTD,2024-04-25,0.02428918122023138,tp
2024-04-16,2024-04-25,TCS,2024-04-25,-0.00783021304067133,expiry
2024-04-18,2024-04-25,HCLTECH,2024-04-25,0.02113382292941679,tp
2024-04-26,2024-04-29,HCLTECH,2024-05-30,-0.05852151933324223,sl
2024-04-26,2024-05-02,OFSS,2024-05-30,0.035821744006264145,tp
2024-04-26,2024-05-02,SBILIFE,2024-05-30,0.028293388863612434,tp
2024-04-26,2024-05-02,ZYDUSLIFE,2024-05-30,0.042025930572982095,tp
2024-05-03,2024-05-07,ADANIENT,2024-05-30,-0.053640318830953215,sl
2024-05-03,2024-05-09,LT,2024-05-30,-0.06646259381694886,sl
2024-05-08,2024-05-14,ADANIENT,2024-05-30,0.06300167142558666,tp
2024-05-10,2024-05-14,LT,2024-05-30,0.03025,tp
2024-05-15,2024-05-16,DLF,2024-05-30,0.020041842517786068,tp
2024-05-17,2024-05-22,TATACONSUM,2024-05-30,0.0220560786294951,tp
2024-05-15,2024-05-27,PNB,2024-05-30,0.0394323458767013,tp
2024-04-26,2024-05-30,SUNPHARMA,2024-05-30,-0.038951351173430626,expiry
2024-04-30,2024-05-30,APOLLOHOSP,2024-05-30,-0.03954720176177651,expiry
2024-05-03,2024-05-30,OFSS,2024-05-30,-0.05445950124911347,sl
2024-05-23,2024-05-30,TATACONSUM,2024-05-30,-0.04359242601421254,expiry
2024-05-31,2024-06-03,PNB,2024-06-27,0.06120839813374801,tp
2024-05-31,2024-06-03,DLF,2024-06-27,0.05972751563733525,tp
2024-05-31,2024-06-03,SHRIRAMFIN,2024-06-27,0.05969139434695803,tp
2024-05-31,2024-06-03,VOLTAS,2024-06-27,0.03425242931248629,tp
2024-05-31,2024-06-03,ONGC,2024-06-27,0.07292120075046904,tp
2024-06-04,2024-06-05,SAIL,2024-06-27,0.09456057185854017,tp
2024-06-04,2024-06-05,BHEL,2024-06-27,0.03563226067597658,tp
2024-06-04,2024-06-05,ONGC,2024-06-27,0.044109612141652765,tp
2024-06-04,2024-06-05,PNB,2024-06-27,0.05862297238053482,tp
2024-06-04,2024-06-06,RECLTD,2024-06-27,0.08329752066115692,tp
2024-06-06,2024-06-07,ONGC,2024-06-27,0.028405960134201824,tp
2024-06-06,2024-06-07,SAIL,2024-06-27,0.035911615306467914,tp
2024-06-06,2024-06-07,DRREDDY,2024-06-27,0.025950870720438668,tp
2024-06-07,2024-06-10,RECLTD,2024-06-27,0.027709094559325353,tp
2024-06-06,2024-06-11,DLF,2024-06-27,0.02892428794616031,tp
2024-06-10,2024-06-11,ONGC,2024-06-27,0.056644110275689274,tp
2024-06-10,2024-06-14,SAIL,2024-06-27,0.019238885202388922,tp
2024-06-11,2024-06-14,BPCL,2024-06-27,0.02944727123512514,tp
2024-06-18,2024-06-26,SAIL,2024-06-27,-0.06288925081433228,sl
2024-06-10,2024-06-27,TCS,2024-06-27,0.01752690998070927,expiry
2024-06-12,2024-06-27,LUPIN,2024-06-27,-0.01775041876046901,expiry
2024-06-12,2024-06-27,SUNPHARMA,2024-06-27,0.0030709604818958134,expiry
2024-06-18,2024-06-27,RECLTD,2024-06-27,-0.006015614649380051,expiry
2024-06-28,2024-07-01,RECLTD,2024-07-25,0.04978643168466912,tp
2024-06-28,2024-07-01,PFC,2024-07-25,0.03211122501281383,tp
2024-06-28,2024-07-01,NMDC,2024-07-25,0.021392576154932397,tp
2024-07-02,2024-07-03,NMDC,2024-07-25,0.025631429152266683,tp
2024-06-28,2024-07-05,SAIL,2024-07-25,0.04304404404404394,tp
2024-07-04,2024-07-08,MARICO,2024-07-25,0.05648728883057241,tp
2024-06-28,2024-07-09,MARUTI,2024-07-25,0.05946887831530645,tp
2024-07-02,2024-07-19,ADANIENT,2024-07-25,-0.05374943623547224,sl
2024-07-09,2024-07-19,TATASTEEL,2024-07-25,-0.08751841556636553,sl
2024-07-08,2024-07-23,POLYCAB,2024-07-25,-0.052833132281757234,sl
2024-07-02,2024-07-25,PNB,2024-07-25,-0.031712227254014014,expiry
2024-07-10,2024-07-25,BANKBARODA,2024-07-25,-0.04836944282663569,expiry
2024-07-26,2024-07-29,BANKBARODA,2024-08-29,0.02126640159045745,tp
2024-07-26,2024-07-29,SIEMENS,2024-08-29,0.021384096454715062,tp
2024-07-26,2024-07-31,POLYCAB,2024-08-29,0.04582134500258317,tp
2024-07-26,2024-08-05,JINDALSTEL,2024-08-29,-0.059234992303745515,sl
2024-07-30,2024-08-06,SIEMENS,2024-08-29,-0.06142182478593061,sl
2024-07-30,2024-08-06,ABB,2024-08-29,-0.05505935830231201,sl
2024-08-01,2024-08-06,ACC,2024-08-29,-0.0632466300549176,sl
2024-08-06,2024-08-07,TATASTEEL,2024-08-29,0.019701058201058275,tp
2024-08-07,2024-08-13,SIEMENS,2024-08-29,0.021516856561992648,tp
2024-08-14,2024-08-16,PFC,2024-08-29,0.03815910964550706,tp
2024-08-07,2024-08-19,HINDALCO,2024-08-29,0.0540840672538031,tp
2024-08-08,2024-08-19,TATASTEEL,2024-08-29,0.021754411569589904,tp
2024-07-26,2024-08-29,AXISBANK,2024-08-29,-0.008640677107518258,expiry
2024-08-07,2024-08-29,ACC,2024-08-29,-0.03941831425598341,expiry
2024-08-19,2024-08-29,GODREJPROP,2024-08-29,-0.024052301825115863,expiry
2024-08-20,2024-08-29,BALKRISIND,2024-08-29,0.0040577143360648335,expiry
2024-08-20,2024-08-29,SBIN,2024-08-29,-0.0095813401497169,expiry
2024-08-30,2024-09-03,BALKRISIND,2024-09-26,0.030002719536801448,tp
2024-09-04,2024-09-10,BALKRISIND,2024-09-26,0.040320219022510595,tp
2024-08-30,2024-09-11,SAIL,2024-09-26,-0.057424455586320367,sl
2024-09-11,2024-09-12,ONGC,2024-09-26,0.027661307235232413,tp
2024-08-30,2024-09-19,ZYDUSLIFE,2024-09-26,-0.06756948493683201,sl
2024-08-30,2024-09-20,GODREJPROP,2024-09-26,0.019628952315843384,tp
2024-09-12,2024-09-23,FEDERALBNK,2024-09-26,0.019789115646258515,tp
2024-09-13,2024-09-24,ONGC,2024-09-26,0.02520311697208444,tp
2024-08-30,2024-09-26,AMBUJACEM,2024-09-26,0.004468875663503292,expiry
2024-09-27,2024-10-03,PFC,2024-10-31,-0.05181505333065006,sl
2024-09-27,2024-10-04,RECLTD,2024-10-31,-0.0646145861059354,sl
2024-09-27,2024-10-04,ASHOKLEY,2024-10-31,-0.061318774580832236,sl
2024-09-27,2024-10-08,GODREJCP,2024-10-31,-0.06173713938440639,sl
2024-10-07,2024-10-08,ADANIPORTS,2024-10-31,0.042473483738646345,tp
2024-10-04,2024-10-10,PFC,2024-10-31,0.01921288033544777,tp
2024-10-09,2024-10-10,RECLTD,2024-10-31,0.020820565648997813,tp
2024-10-07,2024-10-14,ASHOKLEY,2024-10-31,0.02062065576699712,tp
2024-09-27,2024-10-17,ONGC,2024-10-31,-0.05582199565435397,sl
2024-10-18,2024-10-21,BAJAJ-AUTO,2024-10-31,0.03829000875860389,tp
2024-10-09,2024-10-24,GODREJCP,2024-10-31,-0.06429680161037787,sl
2024-10-15,2024-10-25,JUBLFOOD,2024-10-31,-0.06027112535042045,sl
2024-10-22,2024-10-29,HEROMOTOCO,2024-10-31,-0.07371286056762805,sl
2024-10-11,2024-10-31,ASIANPAINT,2024-10-31,-0.03449794238683124,expiry
2024-10-11,2024-10-31,TCS,2024-10-31,-0.04688236708297777,expiry
2024-11-01,2024-11-05,POLYCAB,2024-11-28,0.02215089269903825,tp
2024-11-01,2024-11-05,VOLTAS,2024-11-28,0.03023673197064347,tp
2024-11-01,2024-11-06,JINDALSTEL,2024-11-28,0.025629442714485307,tp
2024-11-06,2024-11-07,TRENT,2024-11-28,-0.06542520780589955,sl
2024-11-08,2024-11-11,TRENT,2024-11-28,0.027693132333613035,tp
2024-11-01,2024-11-13,INDIGO,2024-11-28,-0.05343625192012291,sl
2024-11-06,2024-11-13,ABB,2024-11-28,-0.051372978539816816,sl
2024-11-07,2024-11-25,TORNTPHARM,2024-11-28,0.026880162555524056,tp
2024-11-12,2024-11-25,TRENT,2024-11-28,0.035496406236844025,tp
2024-11-01,2024-11-26,BAJAJ-AUTO,2024-11-28,-0.07729473216270277,sl
2024-11-29,2024-12-02,SHRIRAMFIN,2024-12-26,0.024023047543790255,tp
2024-11-29,2024-12-02,VOLTAS,2024-12-26,0.032431190461925774,tp
2024-11-29,2024-12-04,LUPIN,2024-12-26,0.019496668685645147,tp
2024-11-29,2024-12-05,TRENT,2024-12-26,0.021627278441232023,tp
2024-12-06,2024-12-11,SHRIRAMFIN,2024-12-26,0.03682317267794455,tp
2024-11-29,2024-12-18,HDFCLIFE,2024-12-26,-0.052571374479363775,sl
2024-12-03,2024-12-18,HINDALCO,2024-12-26,-0.05509039970115803,sl
2024-12-12,2024-12-19,BAJAJFINSV,2024-12-26,-0.05347518868485168,sl
2024-12-03,2024-12-26,ITC,2024-12-26,0.0057546174142480986,expiry
2024-12-05,2024-12-26,LUPIN,2024-12-26,0.0237006339516318,tp
2024-12-27,2025-01-02,FEDERALBNK,2025-01-30,0.046460365545794136,tp
2024-12-27,2025-01-02,ASHOKLEY,2025-01-30,0.06646890210924827,tp
2024-12-27,2025-01-02,SHRIRAMFIN,2025-01-30,0.051089756766015904,tp
2025-01-03,2025-01-09,INDIANB,2025-01-30,-0.05172532473689195,sl
2025-01-03,2025-01-10,TATAELXSI,2025-01-30,-0.1038351428119374,sl
2025-01-03,2025-01-10,HDFCBANK,2025-01-30,-0.05573456860293291,sl
2024-12-27,2025-01-24,MPHASIS,2025-01-30,0.03603894941567265,tp
2024-12-27,2025-01-30,TCS,2025-01-30,-0.017172765446910487,expiry
2025-04-25,2025-04-28,MUTHOOTFIN,2025-05-29,0.01931086106608182,tp
2025-04-25,2025-04-28,JSWSTEEL,2025-05-29,0.028856533540131957,tp
2025-04-25,2025-04-28,CIPLA,2025-05-29,0.01971353894406669,tp
2025-04-25,2025-04-28,SUNPHARMA,2025-05-29,0.029453455295889275,tp
2025-04-29,2025-05-02,JSWSTEEL,2025-05-29,-0.06420845341018244,sl
2025-04-29,2025-05-05,MUTHOOTFIN,2025-05-29,0.02513046701260191,tp
2025-04-29,2025-05-05,KOTAKBANK,2025-05-29,-0.054902758340481306,sl
2025-05-05,2025-05-06,UNIONBANK,2025-05-29,-0.06509345646854525,sl
2025-04-25,2025-05-07,CHOLAFIN,2025-05-29,0.020668612949266918,tp
2025-05-06,2025-05-07,MUTHOOTFIN,2025-05-29,0.025969387301728486,tp
2025-05-07,2025-05-09,UNIONBANK,2025-05-29,0.03822064777327927,tp
2025-05-06,2025-05-12,JSWSTEEL,2025-05-29,0.039185471406491534,tp
2025-05-08,2025-05-12,JUBLFOOD,2025-05-29,0.037972607824214966,tp
2025-05-08,2025-05-15,MUTHOOTFIN,2025-05-29,-0.053485196483043285,sl
2025-05-12,2025-05-15,FEDERALBNK,2025-05-29,0.020469563435130067,tp
2025-05-13,2025-05-15,APOLLOHOSP,2025-05-29,0.021403111943523956,tp
2025-05-16,2025-05-19,JUBLFOOD,2025-05-29,0.028622516067075332,tp
2025-05-16,2025-05-23,BANKBARODA,2025-05-29,0.02533907876438113,tp
2025-05-20,2025-05-26,BHARTIARTL,2025-05-29,0.01929225255031708,tp
2025-04-29,2025-05-29,BAJFINANCE,2025-05-29,0.008874917709019159,expiry
2025-05-13,2025-05-29,KOTAKBANK,2025-05-29,-0.01915952077732186,expiry
2025-05-16,2025-05-29,EICHERMOT,2025-05-29,-0.028041693045129823,expiry
2025-05-30,2025-06-02,GODREJCP,2025-06-26,0.025505050505050364,tp
2025-05-30,2025-06-09,KOTAKBANK,2025-06-26,0.025002011205286556,tp
2025-06-03,2025-06-09,BPCL,2025-06-26,0.03065167095115695,tp
2025-05-30,2025-06-19,EICHERMOT,2025-06-26,0.022281802942819895,tp
2025-05-30,2025-06-25,JSWSTEEL,2025-06-26,0.026524772295065335,tp
2025-06-10,2025-06-25,ULTRACEMCO,2025-06-26,0.027191209945718886,tp
2025-05-30,2025-06-26,TATACONSUM,2025-06-26,0.027925619834710758,tp
2025-06-10,2025-06-26,MARICO,2025-06-26,0.03442914171656686,tp
2025-06-27,2025-06-30,BANKBARODA,2025-07-31,0.027500925354719263,tp
2025-06-27,2025-07-02,JINDALSTEL,2025-07-31,0.02885942289398591,tp
2025-06-27,2025-07-02,TATASTEEL,2025-07-31,0.026539892797732834,tp
2025-07-03,2025-07-09,UNIONBANK,2025-07-31,-0.053957042299848545,sl
2025-07-10,2025-07-14,UNIONBANK,2025-07-31,0.02352487423141414,tp
2025-06-27,2025-07-18,BHEL,2025-07-31,-0.053244436061863576,sl
2025-07-15,2025-07-18,AXISBANK,2025-07-31,-0.05695003849773295,sl
2025-07-21,2025-07-30,DMART,2025-07-31,0.06241644957201353,tp
2025-06-27,2025-07-31,TATAELXSI,2025-07-31,-0.030697452229299316,expiry
2025-07-01,2025-07-31,BANKBARODA,2025-07-31,-0.04335275172108366,expiry
2025-07-03,2025-07-31,TATACONSUM,2025-07-31,-0.02001279707495429,expiry
2025-07-21,2025-07-31,AUBANK,2025-07-31,-0.016533722782793525,expiry
2025-08-01,2025-08-04,IDFCFIRSTB,2025-08-28,0.025676492262343475,tp
2025-08-01,2025-08-04,SAIL,2025-08-28,0.040400481207997996,tp
2025-08-01,2025-08-04,BHEL,2025-08-28,0.04059683726526575,tp
2025-08-01,2025-08-06,UNIONBANK,2025-08-28,0.02091312456290295,tp
2025-08-05,2025-08-12,BPCL,2025-08-28,0.026703023587145824,tp
2025-08-01,2025-08-18,AUBANK,2025-08-28,0.022365113468510667,tp
2025-08-05,2025-08-19,IDFCFIRSTB,2025-08-28,0.025270456503014516,tp
2025-08-05,2025-08-19,RELIANCE,2025-08-28,0.02151960572703071,tp
2025-08-07,2025-08-28,DIVISLAB,2025-08-28,-0.003359066135198873,expiry
2025-08-13,2025-08-28,TATAELXSI,2025-08-28,-0.05814033383378958,sl
2025-08-19,2025-08-28,SAIL,2025-08-28,-0.03148780487804881,expiry
2025-08-20,2025-08-28,DLF,2025-08-28,-0.030524117837487763,expiry
2025-08-20,2025-08-28,KOTAKBANK,2025-08-28,-0.03789580031695716,expiry
2025-08-29,2025-09-01,BPCL,2025-09-30,0.020654815772462976,tp
2025-08-29,2025-09-01,UNIONBANK,2025-09-30,0.025583890480738503,tp
2025-08-29,2025-09-02,IOC,2025-09-30,0.01979848738273582,tp
2025-08-29,2025-09-17,AMBUJACEM,2025-09-30,0.03128374314523252,tp
2025-09-02,2025-09-23,AUBANK,2025-09-30,0.02981134194272894,tp
2025-08-29,2025-09-26,DIVISLAB,2025-09-30,-0.07688560285992851,sl
2025-09-02,2025-09-30,ICICIBANK,2025-09-30,-0.03944782081460885,expiry
2025-09-03,2025-09-30,TORNTPHARM,2025-09-30,-0.005640883977900634,expiry
2025-09-18,2025-09-30,INDIGO,2025-09-30,-0.024391812865497076,expiry
2025-10-01,2025-10-06,MPHASIS,2025-10-28,0.03446492297462045,tp
2025-10-01,2025-10-08,TITAN,2025-10-28,0.04131430987722717,tp
2025-10-01,2025-10-16,MARICO,2025-10-28,0.028393016502585078,tp
2025-10-09,2025-10-16,M&M,2025-10-28,0.03201285763929118,tp
2025-10-01,2025-10-17,HINDUNILVR,2025-10-28,0.020651145428111195,tp
2025-10-17,2025-10-20,MPHASIS,2025-10-28,0.019364336492890932,tp
2025-10-01,2025-10-28,ULTRACEMCO,2025-10-28,-0.02063845521774854,expiry
2025-10-07,2025-10-28,DMART,2025-10-28,-0.021752615827204558,expiry
2025-10-17,2025-10-28,DABUR,2025-10-28,-0.01151597051597053,expiry
2025-10-20,2025-10-28,HDFCLIFE,2025-10-28,0.003504807369058117,expiry
2025-10-29,2025-11-06,BRITANNIA,2025-11-25,0.02688167290037413,tp
2025-10-29,2025-11-07,DMART,2025-11-25,-0.052082169520265786,sl
2025-11-07,2025-11-11,HEROMOTOCO,2025-11-25,0.0229819430076178,tp
2025-10-29,2025-11-12,HDFCLIFE,2025-11-25,0.026366767055126306,tp
2025-10-29,2025-11-21,EICHERMOT,2025-11-25,0.020989828808824496,tp
2025-11-10,2025-11-21,MARUTI,2025-11-25,0.02027931497220259,tp
2025-10-29,2025-11-25,HINDUNILVR,2025-11-25,-0.03023435740710967,expiry
2025-11-12,2025-11-25,ZYDUSLIFE,2025-11-25,-0.027117054751416014,expiry
2025-11-13,2025-11-25,KOTAKBANK,2025-11-25,-0.0071935855579028365,expiry
2025-11-26,2025-12-03,HINDALCO,2025-12-30,0.02018012422360249,tp
2025-11-26,2025-12-08,ETERNAL,2025-12-30,-0.07228969539857422,sl
2025-11-26,2025-12-10,APOLLOHOSP,2025-12-30,-0.053631578947368475,sl
2025-12-09,2025-12-11,TATASTEEL,2025-12-30,0.03324105204391781,tp
2025-11-26,2025-12-12,GRASIM,2025-12-30,0.03046523598926998,tp
2025-12-12,2025-12-19,POLYCAB,2025-12-30,0.019941691760197,tp
2025-12-11,2025-12-23,SAIL,2025-12-30,0.019931127356675682,tp
2025-11-26,2025-12-30,VOLTAS,2025-12-30,-0.024355025307302935,expiry
2025-12-04,2025-12-30,INDIANB,2025-12-30,0.001167853824713628,expiry
2025-12-15,2025-12-30,JSWSTEEL,2025-12-30,-0.007613047363717706,expiry
2025-12-22,2025-12-30,HEROMOTOCO,2025-12-30,-0.001,expiry
2025-12-31,2026-01-02,HEROMOTOCO,2026-01-27,0.02920887277749007,tp
2025-12-31,2026-01-02,INDIANB,2026-01-27,0.03176149630688585,tp
2025-12-31,2026-01-06,SUNPHARMA,2026-01-27,0.0199960090230783,tp
2025-12-31,2026-01-06,ASIANPAINT,2026-01-27,0.023659405442323478,tp
2026-01-05,2026-01-07,PERSISTENT,2026-01-27,0.052657750563970374,tp
2026-01-07,2026-01-12,ASIANPAINT,2026-01-27,0.03296400881997308,tp
2026-01-05,2026-01-14,HEROMOTOCO,2026-01-27,-0.05684642233856896,sl
2026-01-07,2026-01-16,HCLTECH,2026-01-27,0.03246720214190091,tp
2026-01-16,2026-01-19,HEROMOTOCO,2026-01-27,0.02156237834011676,tp
2025-12-31,2026-01-20,ADANIPORTS,2026-01-27,-0.0745831191667794,sl
2026-01-08,2026-01-20,RELIANCE,2026-01-27,-0.056247122545700634,sl
2026-01-13,2026-01-20,BHEL,2026-01-27,-0.06048583223869397,sl
2026-01-19,2026-01-27,LT,2026-01-27,-0.022240310077519365,expiry
2026-01-28,2026-01-29,LT,2026-02-24,0.035532313014308925,tp
2026-01-28,2026-02-03,POLYCAB,2026-02-24,0.08127256382596182,tp
2026-01-28,2026-02-03,BHEL,2026-02-24,0.03140030674846617,tp
2026-01-30,2026-02-03,M&M,2026-02-24,0.02391227052579692,tp
2026-01-28,2026-02-04,BHARTIARTL,2026-02-24,0.0305928484355954,tp
2026-02-05,2026-02-06,MUTHOOTFIN,2026-02-24,0.0315022261798753,tp
2026-02-04,2026-02-10,M&M,2026-02-24,0.024151101579255152,tp
2026-01-28,2026-02-11,MARUTI,2026-02-24,0.03030434782608704,tp
2026-02-09,2026-02-12,PERSISTENT,2026-02-24,-0.07437419135171941,sl
2026-02-04,2026-02-13,BHEL,2026-02-24,-0.06384252831567405,sl
2026-02-11,2026-02-16,AUROPHARMA,2026-02-24,0.029877620248760617,tp
2026-02-16,2026-02-17,PNB,2026-02-24,0.033400066153973396,tp
2026-02-04,2026-02-24,RELIANCE,2026-02-24,-0.022034600890716072,expiry
2026-02-12,2026-02-24,MARUTI,2026-02-24,-0.030140106673604783,expiry
2026-02-13,2026-02-24,MUTHOOTFIN,2026-02-24,-0.026083705357142883,expiry
2026-02-17,2026-02-24,NMDC,2026-02-24,0.020104511563250438,expiry
2026-02-25,2026-03-04,TATACONSUM,2026-03-30,-0.05576432689047128,sl
2026-02-25,2026-03-04,MARUTI,2026-03-30,-0.06580748945147674,sl
2026-02-25,2026-03-04,GRASIM,2026-03-30,-0.07211018969627858,sl
2026-02-25,2026-03-05,MUTHOOTFIN,2026-03-30,-0.060195418592124295,sl
2026-02-25,2026-03-12,HINDALCO,2026-03-30,0.028149883400466424,tp
