entry,exit,sym,side,gross,net,reason,margin,rom
2018-08-31,2018-09-04,INDIANB,1,-0.0562938629236972,-0.0572938629236972,sl,0.22,-0.2604266496531691
2018-08-31,2018-09-10,ASIANPAINT,1,-0.061140910408814086,-0.06214091040881409,sl,0.22,-0.2824586836764277
2018-08-31,2018-09-19,HDFCBANK,1,-0.05138263820365341,-0.05238263820365341,sl,0.22,-0.2381029009256973
2018-08-31,2018-09-19,INDUSINDBK,1,-0.051473857662229006,-0.052473857662229006,sl,0.22,-0.23851753482831367
2018-08-31,2018-09-10,MARUTI,1,-0.05181900975628384,-0.05281900975628384,sl,0.22,-0.24008640798310837
2018-09-28,2018-10-01,BAJFINANCE,1,0.021203201177444786,0.020203201177444785,tp,0.22,0.09183273262474902
2018-09-28,2018-10-03,HAVELLS,1,0.029502975442125656,0.028502975442125655,tp,0.22,0.12955897928238935
2018-09-28,2018-10-05,BRITANNIA,1,-0.06697835319906831,-0.06797835319906831,sl,0.22,-0.30899251454121957
2018-09-28,2018-10-25,NESTLEIND,1,-0.021487120038573226,-0.022487120038573227,expiry,0.22,-0.10221418199351467
2018-09-28,2018-10-04,BAJAJFINSV,1,-0.06095192243840897,-0.06195192243840897,sl,0.22,-0.2815996474473135
2018-11-30,2018-12-04,DIVISLAB,1,0.041685498731008463,0.04068549873100846,tp,0.22,0.18493408514094756
2018-11-30,2018-12-06,ADANIENT,1,-0.0881376396015695,-0.08913763960156951,sl,0.22,-0.4051710890980432
2018-11-30,2018-12-04,WIPRO,1,0.03276419012459608,0.03176419012459608,tp,0.22,0.14438268238452764
2018-11-30,2018-12-10,LUPIN,1,-0.07791840885975809,-0.0789184088597581,sl,0.22,-0.3587200402716277
2018-11-30,2018-12-04,HCLTECH,1,0.02099068170671914,0.019990681706719138,tp,0.22,0.09086673503054153
2018-12-28,2019-01-08,AUROPHARMA,1,0.03031761308950931,0.02931761308950931,tp,0.22,0.13326187767958778
2018-12-28,2019-01-14,PIDILITIND,1,0.0266600505232768,0.0256600505232768,tp,0.22,0.11663659328762183
2018-12-28,2019-01-16,LUPIN,1,0.026515151515151603,0.025515151515151602,tp,0.22,0.11597796143250728
2018-12-28,2019-01-18,RELIANCE,1,0.04731429580262181,0.04631429580262181,tp,0.22,0.21051952637555368
2018-12-28,2019-01-10,DIVISLAB,1,0.03203978752918091,0.031039787529180907,tp,0.22,0.14108994331445868
2019-02-01,2019-02-13,FEDERALBNK,1,-0.05552342394447651,-0.056523423944476514,sl,0.22,-0.25692465429307504
2019-02-01,2019-02-07,BAJAJFINSV,1,0.022839310013281544,0.021839310013281543,tp,0.22,0.09926959096946156
2019-02-01,2019-02-13,SBIN,1,-0.05455183301175237,-0.05555183301175237,sl,0.22,-0.2525083318716017
2019-02-01,2019-02-28,ICICIBANK,1,-0.018547140649149974,-0.019547140649149974,expiry,0.22,-0.08885063931431807
2019-02-01,2019-02-19,PFC,1,0.035146846413095956,0.034146846413095955,tp,0.22,0.15521293824134524
2019-03-01,2019-03-05,APOLLOHOSP,1,0.030859408671666477,0.029859408671666476,tp,0.22,0.13572458487121125
2019-03-01,2019-03-13,NESTLEIND,1,0.02032336950070035,0.01932336950070035,tp,0.22,0.08783349773045614
2019-03-01,2019-03-11,AUROPHARMA,1,0.03463203463203479,0.03363203463203479,tp,0.22,0.15287288469106722
2019-03-01,2019-03-05,INDIGO,1,0.053672817601135625,0.052672817601135624,tp,0.22,0.23942189818698012
2019-03-01,2019-03-19,DRREDDY,1,0.022658354208652698,0.021658354208652697,tp,0.22,0.09844706458478499
2019-03-29,2019-04-02,TECHM,1,0.02033485149785097,0.01933485149785097,tp,0.22,0.0878856886265953
2019-03-29,2019-04-24,HINDUNILVR,1,0.023823409342742075,0.022823409342742074,tp,0.22,0.1037427697397367
2019-03-29,2019-04-02,TCS,1,0.03663258215030285,0.03563258215030285,tp,0.22,0.1619662825013766
2019-03-29,2019-04-10,BAJAJ-AUTO,1,0.021489697790275875,0.020489697790275874,tp,0.22,0.09313498995579943
2019-03-29,2019-04-25,NESTLEIND,1,-0.017270648950859058,-0.01827064895085906,expiry,0.22,-0.08304840432208663
2019-04-26,2019-05-08,JUBLFOOD,1,-0.05866439371479404,-0.05966439371479404,sl,0.22,-0.2712017896127002
2019-04-26,2019-05-09,TORNTPHARM,1,-0.05510988079769508,-0.05610988079769508,sl,0.22,-0.2550449127167958
2019-04-26,2019-05-14,POWERGRID,1,-0.05093555093555102,-0.05193555093555102,sl,0.22,-0.23607068607068646
2019-04-26,2019-05-07,PNB,1,-0.050590219224283306,-0.05159021922428331,sl,0.22,-0.23450099647401504
2019-04-26,2019-04-30,IOC,1,0.030136098509397025,0.029136098509397024,tp,0.22,0.1324368114063501
2019-05-31,2019-06-26,TECHM,1,-0.054004336114578444,-0.055004336114578445,sl,0.22,-0.2500197096117202
2019-05-31,2019-06-24,DRREDDY,1,-0.06134168624380054,-0.06234168624380054,sl,0.22,-0.28337130110818426
2019-05-31,2019-06-27,DIVISLAB,1,0.002537434997807342,0.0015374349978073418,expiry,0.22,0.006988340899124281
2019-05-31,2019-06-04,PNB,1,0.022881880024737233,0.021881880024737232,tp,0.22,0.09946309102153288
2019-05-31,2019-06-03,HCLTECH,1,0.020387685290763846,0.019387685290763845,tp,0.22,0.08812584223074475
2019-06-28,2019-07-03,BANKBARODA,1,0.02777777777777768,0.026777777777777678,tp,0.22,0.12171717171717127
2019-06-28,2019-07-15,ACC,1,0.021814116895560565,0.020814116895560564,tp,0.22,0.09460962225254801
2019-06-28,2019-07-04,INDIGO,1,0.04767823565031715,0.046678235650317146,tp,0.22,0.2121737984105325
2019-06-28,2019-07-04,RELIANCE,1,0.020237623762376256,0.019237623762376255,tp,0.22,0.08744374437443753
2019-07-26,2019-08-01,PFC,1,-0.05141843971631199,-0.05241843971631199,sl,0.22,-0.23826563507414542
2019-07-26,2019-08-05,TITAN,1,-0.059795863065666865,-0.060795863065666866,sl,0.22,-0.27634483211666755
2019-07-26,2019-08-09,BAJAJFINSV,1,0.034812497851716806,0.033812497851716805,tp,0.22,0.1536931720532582
2019-07-26,2019-08-05,RECLTD,1,-0.053786270346780074,-0.054786270346780075,sl,0.22,-0.24902850157627307
2019-07-26,2019-07-30,FEDERALBNK,1,-0.05067920585161978,-0.05167920585161978,sl,0.22,-0.23490548114372628
2019-09-27,2019-10-11,APOLLOHOSP,1,0.02672147995888996,0.02572147995888996,tp,0.22,0.11691581799495436
2019-09-27,2019-10-18,POWERGRID,1,0.023402113739305452,0.02240211373930545,tp,0.22,0.10182778972411569
2019-09-27,2019-09-30,INFY,1,0.023901063693451352,0.02290106369345135,tp,0.22,0.10409574406114251
2019-09-27,2019-09-30,BHARTIARTL,1,0.049247800170309386,0.048247800170309385,tp,0.22,0.21930818259231538
2019-11-01,2019-11-28,MARICO,1,-0.024254742547425434,-0.025254742547425435,expiry,0.22,-0.11479428430647926
2019-11-01,2019-11-28,ACC,1,-0.02236349554666328,-0.023363495546663282,expiry,0.22,-0.10619770703028765
2019-11-01,2019-11-11,PIDILITIND,1,-0.05380108602457845,-0.05480108602457845,sl,0.22,-0.24909584556626568
2019-11-01,2019-11-28,ULTRACEMCO,1,0.027104904469260394,0.026104904469260393,tp,0.22,0.11865865667845633
2019-11-29,2019-12-05,TITAN,1,0.020516782556442514,0.019516782556442513,tp,0.22,0.0887126479838296
2019-11-29,2019-12-18,SIEMENS,1,0.021317763671543366,0.020317763671543365,tp,0.22,0.09235347123428803
2019-11-29,2019-12-02,NMDC,1,0.03065693430656946,0.02965693430656946,tp,0.22,0.134804246848043
2019-11-29,2019-12-20,BRITANNIA,1,0.020537897310513475,0.019537897310513475,tp,0.22,0.08880862413869761
2019-11-29,2019-12-12,ASIANPAINT,1,0.025067928828118147,0.024067928828118146,tp,0.22,0.10939967649144612
2019-12-27,2020-01-03,VOLTAS,1,0.020965643890121566,0.019965643890121565,tp,0.22,0.09075292677327984
2019-12-27,2020-01-02,SUNPHARMA,1,0.022198855006426044,0.021198855006426043,tp,0.22,0.09635843184739111
2019-12-27,2020-01-14,HINDUNILVR,1,0.026144790153658004,0.025144790153658003,tp,0.22,0.11429450069844548
2019-12-27,2020-01-07,GODREJCP,1,0.026021768903625953,0.02502176890362595,tp,0.22,0.11373531319829978
2020-01-31,2020-02-03,NMDC,1,-0.12483631601920553,-0.12583631601920553,sl,0.22,-0.5719832546327525
2020-01-31,2020-02-04,TATASTEEL,1,0.026557711950970342,0.02555771195097034,tp,0.22,0.1161714179589561
2020-01-31,2020-02-06,RELIANCE,1,0.026398336446621595,0.025398336446621594,tp,0.22,0.11544698384827998
2020-01-31,2020-02-04,BPCL,1,0.04106866858026059,0.04006866858026059,tp,0.22,0.18213031172845723
2020-01-31,2020-02-10,EICHERMOT,1,-0.05750305382614862,-0.05850305382614862,sl,0.22,-0.2659229719370392
2020-07-31,2020-08-27,NESTLEIND,1,-0.02977113253722896,-0.030771132537228962,expiry,0.22,-0.13986878426013163
2020-07-31,2020-08-17,BHARTIARTL,1,-0.0548279288230511,-0.0558279288230511,sl,0.22,-0.25376331283205045
2020-07-31,2020-08-13,GODREJCP,1,0.024821929635225448,0.023821929635225447,tp,0.22,0.10828149834193385
2020-07-31,2020-08-04,JUBLFOOD,1,0.044179725900653555,0.043179725900653554,tp,0.22,0.19627148136660708
2020-08-28,2020-08-31,MUTHOOTFIN,1,-0.05207261351006465,-0.05307261351006465,sl,0.22,-0.24123915231847567
2020-08-28,2020-09-01,BHARTIARTL,1,0.0468332697443723,0.045833269744372296,tp,0.22,0.20833304429260135
2020-08-28,2020-09-03,WIPRO,1,0.03837018088799571,0.03737018088799571,tp,0.22,0.16986445858179866
2020-08-28,2020-08-31,ACC,1,-0.05501837513825947,-0.05601837513825947,sl,0.22,-0.2546289779011794
2020-09-25,2020-09-28,JINDALSTEL,1,0.04564785937057003,0.04464785937057003,tp,0.22,0.20294481532077288
2020-09-25,2020-09-28,TATAPOWER,1,0.022556390977443552,0.02155639097744355,tp,0.22,0.09798359535201615
2020-09-25,2020-09-28,AUROPHARMA,1,0.03807253752496309,0.03707253752496309,tp,0.22,0.16851153420437767
2020-09-25,2020-09-29,MUTHOOTFIN,1,0.03978524229074898,0.03878524229074898,tp,0.22,0.17629655586704082
2020-09-25,2020-09-28,MARUTI,1,0.03449784004849321,0.03349784004849321,tp,0.22,0.15226290931133277
2020-10-30,2020-11-03,HEROMOTOCO,1,0.04451762192951225,0.04351762192951225,tp,0.22,0.19780737240687388
2020-10-30,2020-11-03,LUPIN,1,0.028660675142481384,0.027660675142481383,tp,0.22,0.12573034155673357
2020-10-30,2020-11-04,BALKRISIND,1,0.0230975228743584,0.0220975228743584,tp,0.22,0.10044328579253818
2020-10-30,2020-11-09,BRITANNIA,1,0.023247131800755216,0.022247131800755215,tp,0.22,0.10112332636706917
2020-10-30,2020-11-12,TORNTPHARM,1,0.02072861874147658,0.019728618741476578,tp,0.22,0.08967553973398444
2020-11-27,2020-12-02,LUPIN,1,0.021496992648696978,0.020496992648696977,tp,0.22,0.09316814840316807
2020-11-27,2020-12-03,MUTHOOTFIN,1,0.031069395559031765,0.030069395559031764,tp,0.22,0.13667907072287167
2020-11-27,2020-12-08,RELIANCE,1,0.03230705864181638,0.03130705864181638,tp,0.22,0.14230481200825626
2020-11-27,2020-12-10,DABUR,1,0.02854017501988859,0.02754017501988859,tp,0.22,0.1251826137267663
2021-01-01,2021-01-06,ACC,1,0.029539477707785533,0.028539477707785532,tp,0.22,0.1297248986717524
2021-01-01,2021-01-06,AMBUJACEM,1,0.0425193721438506,0.0415193721438506,tp,0.22,0.18872441883568453
2021-01-01,2021-01-08,M&M,1,0.04718582388485304,0.04618582388485304,tp,0.22,0.20993556311296835
2021-01-01,2021-01-05,BALKRISIND,1,0.020515151515151375,0.019515151515151374,tp,0.22,0.08870523415977898
2021-01-29,2021-02-01,SAIL,1,0.09548611111111116,0.09448611111111116,tp,0.22,0.42948232323232344
2021-01-29,2021-02-01,KOTAKBANK,1,0.04854904236796287,0.04754904236796287,tp,0.22,0.21613201076346758
2021-01-29,2021-02-02,ASIANPAINT,1,0.021248888980756053,0.020248888980756052,tp,0.22,0.09204040445798206
2021-01-29,2021-02-01,DIVISLAB,1,0.026547106365406137,0.025547106365406136,tp,0.22,0.11612321075184608
2021-01-29,2021-02-01,BAJFINANCE,1,0.0686260102865539,0.0676260102865539,tp,0.22,0.3073909558479723
2021-02-26,2021-03-02,MARUTI,1,0.04828240680372642,0.04728240680372642,tp,0.22,0.21492003092602918
2021-02-26,2021-03-02,TCS,1,0.038948092127879086,0.037948092127879085,tp,0.22,0.17249132785399585
2021-02-26,2021-03-01,AUROPHARMA,1,0.020620353159851224,0.019620353159851223,tp,0.22,0.08918342345386919
2021-02-26,2021-03-02,BAJAJ-AUTO,1,0.036108167510498834,0.03510816751049883,tp,0.22,0.1595825795931765
2021-02-26,2021-03-01,BALKRISIND,1,0.022696672437007015,0.021696672437007014,tp,0.22,0.09862123835003188
2021-03-26,2021-03-31,BANKBARODA,1,0.04484933426769455,0.04384933426769455,tp,0.22,0.19931515576224795
2021-03-26,2021-04-01,PNB,1,0.05939226519337004,0.05839226519337004,tp,0.22,0.2654193872425911
2021-03-26,2021-04-01,SBIN,1,0.03635354516442346,0.03535354516442346,tp,0.22,0.1606979325655612
2021-03-26,2021-04-01,INDUSINDBK,1,0.04249557337777321,0.04149557337777321,tp,0.22,0.18861624262624185
2021-03-26,2021-03-31,DLF,1,0.02449849103497259,0.02349849103497259,tp,0.22,0.10681132288623905
2021-04-30,2021-05-07,DLF,1,0.042707493956486875,0.041707493956486874,tp,0.22,0.18957951798403125
2021-04-30,2021-05-07,ULTRACEMCO,1,0.03378946200072952,0.03278946200072952,tp,0.22,0.14904300909422508
2021-04-30,2021-05-17,HCLTECH,1,0.022115331453530063,0.021115331453530062,tp,0.22,0.09597877933422755
2021-04-30,2021-05-04,IDFCFIRSTB,1,0.029493087557603603,0.028493087557603602,tp,0.22,0.12951403435274364
2021-05-28,2021-05-31,JINDALSTEL,1,0.028252134605725843,0.027252134605725842,tp,0.22,0.12387333911693564
2021-05-28,2021-06-03,NAUKRI,1,0.022726260962471434,0.021726260962471433,tp,0.22,0.09875573164759742
2021-05-28,2021-06-02,CHOLAFIN,1,0.025624599615631016,0.024624599615631015,tp,0.22,0.11192999825286826
2021-05-28,2021-06-10,HINDUNILVR,1,0.020728291316526537,0.019728291316526536,tp,0.22,0.08967405143875698
2021-06-25,2021-07-07,BHEL,1,0.03887195121951237,0.03787195121951237,tp,0.22,0.1721452328159653
2021-06-25,2021-07-02,AUROPHARMA,1,0.04318467336683418,0.04218467336683418,tp,0.22,0.19174851530379172
2021-06-25,2021-07-09,ADANIPORTS,1,0.020860950254657062,0.01986095025465706,tp,0.22,0.09027704661207755
2021-06-25,2021-07-27,M&M,1,-0.055622350186673386,-0.05662235018667339,sl,0.22,-0.2573743190303336
2021-07-30,2021-08-09,BHEL,1,-0.054621848739495826,-0.05562184873949583,sl,0.22,-0.2528265851795265
2021-07-30,2021-08-02,CHOLAFIN,1,0.10658569783268779,0.10558569783268779,tp,0.22,0.4799349901485808
2021-07-30,2021-08-03,BANKBARODA,1,0.03233830845771135,0.03133830845771135,tp,0.22,0.14244685662596068
2021-07-30,2021-08-02,PNB,1,0.032786885245901676,0.031786885245901675,tp,0.22,0.1444858420268258
2021-07-30,2021-08-02,IOC,1,0.02502453385672232,0.02402453385672232,tp,0.22,0.10920242662146508
2021-08-27,2021-08-30,SAIL,1,0.027789653698161665,0.026789653698161664,tp,0.22,0.12177115317346211
2021-08-27,2021-08-30,NMDC,1,0.0212418300653594,0.0202418300653594,tp,0.22,0.09200831847890636
2021-08-27,2021-08-30,JINDALSTEL,1,0.027915716011273517,0.026915716011273516,tp,0.22,0.1223441636876069
2021-08-27,2021-09-03,BHEL,1,0.023897058823529438,0.022897058823529437,tp,0.22,0.10407754010695199
2021-08-27,2021-09-03,JSWSTEEL,1,0.022551403935441083,0.021551403935441082,tp,0.22,0.09796092697927765
2021-10-01,2021-10-04,APOLLOHOSP,1,0.0213782836931824,0.020378283693182397,tp,0.22,0.09262856224173817
2021-10-01,2021-10-04,TATASTEEL,1,0.02074943428067355,0.01974943428067355,tp,0.22,0.08977015582124341
2021-10-01,2021-10-14,ACC,1,0.031646980164920846,0.030646980164920845,tp,0.22,0.13930445529509475
2021-10-01,2021-10-06,TATACONSUM,1,0.021682405566600504,0.020682405566600504,tp,0.22,0.09401093439363865
2021-10-01,2021-10-04,DIVISLAB,1,0.08078313875400345,0.07978313875400345,tp,0.22,0.3626506307000157
2021-10-29,2021-11-01,COALINDIA,1,0.03251291400790035,0.03151291400790035,tp,0.22,0.14324051821772887
2021-10-29,2021-11-01,HCLTECH,1,0.03947540412182482,0.03847540412182482,tp,0.22,0.17488820055374918
2021-10-29,2021-11-01,TCS,1,0.02471251739544411,0.02371251739544411,tp,0.22,0.10778416997929141
2021-10-29,2021-11-08,JUBLFOOD,1,0.047994172714274086,0.046994172714274085,tp,0.22,0.2136098759739731
2021-10-29,2021-11-25,TORNTPHARM,1,0.043203408773400565,0.042203408773400564,tp,0.22,0.19183367624272984
2021-11-26,2021-12-02,BHEL,1,0.02097315436241609,0.01997315436241609,tp,0.22,0.0907870652837095
2021-11-26,2021-12-02,HINDALCO,1,0.03429322499701293,0.03329322499701293,tp,0.22,0.1513328408955133
2021-11-26,2021-11-30,BAJFINANCE,1,0.030032848427968162,0.02903284842796816,tp,0.22,0.13196749285440074
2021-11-26,2021-12-08,FEDERALBNK,1,0.023072594259988977,0.022072594259988976,tp,0.22,0.1003299739090408
2021-11-26,2021-12-08,BALKRISIND,1,0.028223765929061173,0.027223765929061172,tp,0.22,0.12374439058664169
2021-12-31,2022-01-18,APOLLOHOSP,1,-0.08304985569914014,-0.08404985569914014,sl,0.22,-0.38204479863245516
2021-12-31,2022-01-03,BAJAJFINSV,1,0.03668138459995696,0.035681384599956956,tp,0.22,0.16218811181798617
2021-12-31,2022-01-04,IOC,1,0.022767857142857117,0.021767857142857117,tp,0.22,0.09894480519480507
2021-12-31,2022-01-03,BANKBARODA,1,0.023086269744835963,0.022086269744835962,tp,0.22,0.10039213520379983
2021-12-31,2022-01-05,GODREJPROP,1,0.02713693387199667,0.02613693387199667,tp,0.22,0.11880424487271214
2022-01-28,2022-01-31,TECHM,1,0.04551067207620396,0.04451067207620396,tp,0.22,0.202321236710018
2022-01-28,2022-01-31,INFY,1,0.029183914843287972,0.02818391484328797,tp,0.22,0.12810870383312714
2022-01-28,2022-02-02,APOLLOHOSP,1,0.039325780233708585,0.038325780233708584,tp,0.22,0.17420809197140266
2022-01-28,2022-01-31,MPHASIS,1,0.023950422461123777,0.022950422461123776,tp,0.22,0.10432010209601716
2022-01-28,2022-02-01,ASIANPAINT,1,0.02655235958657154,0.025552359586571538,tp,0.22,0.11614708902987063
2022-04-01,2022-04-04,HINDALCO,1,0.02251898402723218,0.02151898402723218,tp,0.22,0.09781356376014627
2022-04-01,2022-04-28,TITAN,1,-0.008894235509889992,-0.009894235509889993,expiry,0.22,-0.044973797772227236
2022-04-01,2022-04-21,MARUTI,1,0.022977035923487765,0.021977035923487764,tp,0.22,0.09989561783403529
2022-04-01,2022-04-04,SIEMENS,1,0.02571644676023177,0.02471644676023177,tp,0.22,0.11234748527378077
2022-07-29,2022-08-01,RELIANCE,1,0.022839665547853993,0.021839665547853992,tp,0.22,0.09927120703569997
2022-07-29,2022-08-01,POWERGRID,1,0.021784961349262222,0.02078496134926222,tp,0.22,0.094477097042101
2022-07-29,2022-08-01,ASHOKLEY,1,0.03534511503834614,0.03434511503834614,tp,0.22,0.15611415926520975
2022-08-26,2022-08-30,BRITANNIA,1,0.02697839274759728,0.02597839274759728,tp,0.22,0.11808360339816945
2022-08-26,2022-08-30,HINDUNILVR,1,0.03127777133804743,0.030277771338047432,tp,0.22,0.13762623335476107
2022-08-26,2022-09-01,TATACONSUM,1,0.04365054795368706,0.04265054795368706,tp,0.22,0.1938661270622139
2022-08-26,2022-09-01,MARICO,1,0.020819277108433676,0.019819277108433675,tp,0.22,0.09008762322015307
2022-09-30,2022-10-06,ABB,1,0.030847004652810206,0.029847004652810205,tp,0.22,0.1356682029673191
2022-09-30,2022-10-04,COALINDIA,1,0.048757618377871514,0.047757618377871514,tp,0.22,0.2170800835357796
2022-09-30,2022-10-27,CHOLAFIN,1,-0.023616688218879744,-0.024616688218879745,expiry,0.22,-0.1118940373585443
2022-09-30,2022-10-06,ASHOKLEY,1,0.023755287992190066,0.022755287992190065,tp,0.22,0.10343312723722757
2022-09-30,2022-10-19,SIEMENS,1,0.03889917492045791,0.03789917492045791,tp,0.22,0.17226897691117232
2022-10-28,2022-11-01,PIDILITIND,1,0.026756762004621182,0.02575676200462118,tp,0.22,0.11707619093009627
2022-10-28,2022-11-01,ADANIENT,1,0.07411287546582446,0.07311287546582446,tp,0.22,0.3323312521173839
2022-10-28,2022-11-24,HINDUNILVR,1,0.011043479984931714,0.010043479984931714,expiry,0.22,0.04565218174968961
2022-10-28,2022-11-15,GODREJCP,1,0.020256502457149717,0.019256502457149716,tp,0.22,0.08752955662340779
2022-11-25,2022-12-22,EICHERMOT,1,-0.06259641973511865,-0.06359641973511865,sl,0.22,-0.2890746351596302
2022-11-25,2022-12-02,POLYCAB,1,0.04656082602282452,0.04556082602282452,tp,0.22,0.20709466374011146
2022-11-25,2022-12-23,BAJFINANCE,1,-0.06395993508543907,-0.06495993508543907,sl,0.22,-0.2952724322065412
2022-11-25,2022-11-30,CIPLA,1,0.028077268643306397,0.027077268643306396,tp,0.22,0.12307849383321089
2022-12-30,2023-01-02,PERSISTENT,1,0.03451257760167281,0.03351257760167281,tp,0.22,0.15232989818942186
2022-12-30,2023-01-05,ABB,1,0.041396794848069796,0.040396794848069795,tp,0.22,0.1836217947639536
2022-12-30,2023-01-24,AMBUJACEM,1,-0.053334596438044723,-0.054334596438044724,sl,0.22,-0.24697543835474875
2022-12-30,2023-01-09,HCLTECH,1,0.02646347363328494,0.02546347363328494,tp,0.22,0.11574306196947699
2022-12-30,2023-01-25,DLF,1,-0.06666666666666665,-0.06766666666666665,sl,0.22,-0.3075757575757575
2023-01-27,2023-01-31,BANKBARODA,1,0.06824644549763037,0.06724644549763037,tp,0.22,0.3056656613528653
2023-01-27,2023-01-31,SBIN,1,0.027121448928932645,0.026121448928932645,tp,0.22,0.11873385876787566
2023-01-27,2023-02-01,INDUSINDBK,1,-0.06784634536724166,-0.06884634536724166,sl,0.22,-0.31293793348746207
2023-01-27,2023-01-31,PNB,1,0.0546875,0.0536875,tp,0.22,0.2440340909090909
2023-01-27,2023-02-23,AXISBANK,1,-0.03913961316825476,-0.04013961316825476,expiry,0.22,-0.18245278712843074
2023-02-24,2023-03-01,PNB,1,0.05433646812957171,0.05333646812957171,tp,0.22,0.24243849149805324
2023-02-24,2023-03-01,BHEL,1,0.061683599419448454,0.06068359941944845,tp,0.22,0.27583454281567477
2023-02-24,2023-02-28,VEDL,1,-0.08637592968221774,-0.08737592968221775,sl,0.22,-0.3971633167373534
2023-02-24,2023-02-27,BANKBARODA,1,0.02543464262717321,0.02443464262717321,tp,0.22,0.11106655739624186
2023-02-24,2023-03-01,SAIL,1,0.028194361127774625,0.027194361127774624,tp,0.22,0.12361073239897556
2023-04-28,2023-05-03,GODREJCP,1,0.036052819023615346,0.035052819023615345,tp,0.22,0.15933099556188793
2023-04-28,2023-05-02,NTPC,1,0.023740590619571567,0.022740590619571566,tp,0.22,0.10336632099805257
2023-04-28,2023-05-02,SAIL,1,0.022208883553421543,0.021208883553421543,tp,0.22,0.0964040161519161
2023-04-28,2023-05-11,HCLTECH,1,0.022665542755455625,0.021665542755455625,tp,0.22,0.09847973979752557
2023-05-26,2023-05-29,JINDALSTEL,1,0.020312798016403066,0.019312798016403065,tp,0.22,0.08778544552910485
2023-05-26,2023-06-06,DRREDDY,1,0.02265155832200927,0.021651558322009268,tp,0.22,0.09841617419095122
2023-05-26,2023-06-27,HDFCBANK,1,0.021374892201552198,0.020374892201552197,tp,0.22,0.0926131463706918
2023-05-26,2023-06-07,JSWSTEEL,1,0.039176861608090086,0.038176861608090085,tp,0.22,0.1735311891276822
2023-06-30,2023-07-05,BANDHANBNK,1,-0.06943303204601481,-0.07043303204601481,sl,0.22,-0.3201501456637037
2023-06-30,2023-07-17,KOTAKBANK,1,0.025292929292929367,0.024292929292929366,tp,0.22,0.11042240587695167
2023-06-30,2023-07-27,COALINDIA,1,-0.012518886250809436,-0.013518886250809437,expiry,0.22,-0.061449482958224715
2023-06-30,2023-07-10,PERSISTENT,1,-0.05758166942050047,-0.05858166942050047,sl,0.22,-0.2662803155477294
2023-07-28,2023-08-01,HCLTECH,1,0.03142870007654541,0.030428700076545412,tp,0.22,0.1383122730752064
2023-07-28,2023-08-24,AUBANK,1,0.02212114947281374,0.02112114947281374,tp,0.22,0.09600522487642608
2023-07-28,2023-08-01,PERSISTENT,1,0.02137885141487028,0.02037885141487028,tp,0.22,0.09263114279486491
2023-07-28,2023-08-31,GODREJCP,1,-0.038163558106169226,-0.03916355810616923,expiry,0.22,-0.17801617320986013
2023-09-01,2023-09-04,TORNTPHARM,1,0.020672983411597956,0.019672983411597955,tp,0.22,0.0894226518708998
2023-09-01,2023-09-04,MUTHOOTFIN,1,0.023054755043227626,0.022054755043227625,tp,0.22,0.10024888656012557
2023-09-01,2023-09-11,INDIGO,1,0.023097659600539,0.022097659600539,tp,0.22,0.10044390727517727
2023-09-01,2023-09-05,IOC,1,0.021739130434782705,0.020739130434782704,tp,0.22,0.09426877470355775
2023-09-29,2023-10-25,PFC,1,-0.06211792545848949,-0.06311792545848949,sl,0.22,-0.2868996611749522
2023-09-29,2023-10-05,GODREJPROP,1,0.02690955576861609,0.025909555768616088,tp,0.22,0.11777070803916403
2023-09-29,2023-10-26,ASHOKLEY,1,-0.06445257528848869,-0.06545257528848869,sl,0.22,-0.2975117058567668
2023-09-29,2023-10-12,ABB,1,0.023317820438239156,0.022317820438239155,tp,0.22,0.10144463835563253
2023-10-27,2023-11-02,MPHASIS,1,0.03315565782985419,0.03215565782985419,tp,0.22,0.14616208104479178
2023-10-27,2023-11-01,IDFCFIRSTB,1,-0.05943450663589156,-0.06043450663589156,sl,0.22,-0.2747023028904162
2023-10-27,2023-11-06,JUBLFOOD,1,0.02062166784025754,0.01962166784025754,tp,0.22,0.0891893992738979
2023-10-27,2023-11-06,DIVISLAB,1,0.02432279006127991,0.023322790061279908,tp,0.22,0.10601268209672686
2023-10-27,2023-11-13,AUBANK,1,0.05682806610611779,0.05582806610611779,tp,0.22,0.25376393684598997
2023-12-01,2023-12-04,BAJFINANCE,1,0.020518543368272635,0.019518543368272634,tp,0.22,0.08872065167396652
2023-12-01,2023-12-06,CHOLAFIN,1,0.022710268033977243,0.021710268033977242,tp,0.22,0.09868303651807837
2023-12-01,2023-12-07,BALKRISIND,1,0.023280607893308325,0.022280607893308324,tp,0.22,0.10127549042412874
2023-12-01,2023-12-19,CIPLA,1,0.024651085969113806,0.023651085969113805,tp,0.22,0.10750493622324457
2023-12-29,2024-01-15,HDFCLIFE,1,-0.055564071122011005,-0.056564071122011006,sl,0.22,-0.2571094141909591
2023-12-29,2024-01-23,MARUTI,1,-0.05378102751587455,-0.05478102751587455,sl,0.22,-0.2490046705267025
2023-12-29,2024-01-10,BALKRISIND,1,0.024453372479332547,0.023453372479332546,tp,0.22,0.10660623854242067
2023-12-29,2024-01-08,JUBLFOOD,1,-0.061784287616511224,-0.06278428761651123,sl,0.22,-0.2853831255295965
2024-01-29,2024-02-06,JUBLFOOD,1,-0.053828806745759405,-0.054828806745759406,sl,0.22,-0.24922184884436094
2024-01-29,2024-01-31,EICHERMOT,1,0.043294085803220916,0.042294085803220915,tp,0.22,0.19224584456009508
2024-01-29,2024-02-07,JSWSTEEL,1,0.029305376739623634,0.028305376739623633,tp,0.22,0.12866080336192562
2024-01-29,2024-02-29,IDFCFIRSTB,1,-0.024654239326518446,-0.025654239326518447,expiry,0.22,-0.11661017875690204
2024-01-29,2024-02-02,HINDALCO,1,0.025334148685244973,0.024334148685244972,tp,0.22,0.1106097667511135
2024-03-01,2024-03-07,HINDALCO,1,0.03184652278177458,0.030846522781774577,tp,0.22,0.14021146718988445
2024-03-01,2024-03-07,RECLTD,1,0.023918243096325398,0.022918243096325397,tp,0.22,0.10417383225602453
2024-03-01,2024-03-06,PFC,1,0.025730431646026286,0.024730431646026285,tp,0.22,0.11241105293648311
2024-03-01,2024-03-04,AUROPHARMA,1,0.06530810286268807,0.06430810286268807,tp,0.22,0.29230955846676393
2024-04-01,2024-04-16,INFY,1,-0.058354909380601394,-0.059354909380601395,sl,0.22,-0.26979504263909726
2024-04-01,2024-04-15,WIPRO,1,-0.05617056170561707,-0.05717056170561707,sl,0.22,-0.25986618957098667
2024-04-01,2024-04-04,MPHASIS,1,0.021109246416078697,0.020109246416078697,tp,0.22,0.09140566552763044
2024-04-01,2024-04-02,TATACONSUM,1,0.037941740480321506,0.036941740480321505,tp,0.22,0.16791700218327957
2024-04-01,2024-04-16,HCLTECH,1,-0.05764570845555417,-0.05864570845555417,sl,0.22,-0.2665714020707008
2024-04-26,2024-05-02,OFSS,1,0.036821744006264145,0.035821744006264145,tp,0.22,0.16282610911938247
2024-04-26,2024-04-29,HCLTECH,1,-0.05752151933324223,-0.05852151933324223,sl,0.22,-0.26600690606019195
2024-04-26,2024-05-30,SUNPHARMA,1,-0.037951351173430625,-0.038951351173430626,expiry,0.22,-0.17705159624286648
2024-04-26,2024-05-02,SBILIFE,1,0.029293388863612435,0.028293388863612434,tp,0.22,0.12860631301642014
2024-05-31,2024-06-03,PNB,1,0.06220839813374801,0.06120839813374801,tp,0.22,0.2782199915170364
2024-05-31,2024-06-03,DLF,1,0.06072751563733525,0.05972751563733525,tp,0.22,0.271488707442433
2024-05-31,2024-06-03,SHRIRAMFIN,1,0.06069139434695803,0.05969139434695803,tp,0.22,0.2713245197589001
2024-05-31,2024-06-03,VOLTAS,1,0.03525242931248629,0.03425242931248629,tp,0.22,0.1556928605113013
2024-05-31,2024-06-03,ONGC,1,0.07392120075046904,0.07292120075046904,tp,0.22,0.3314600034112229
2024-06-28,2024-07-05,SAIL,1,0.04404404404404394,0.04304404404404394,tp,0.22,0.19565474565474517
2024-06-28,2024-07-01,RECLTD,1,0.05078643168466912,0.04978643168466912,tp,0.22,0.22630196220304144
2024-06-28,2024-07-09,MARUTI,1,0.06046887831530645,0.05946887831530645,tp,0.22,0.27031308325139297
2024-06-28,2024-07-01,PFC,1,0.03311122501281383,0.03211122501281383,tp,0.22,0.1459601136946083
2024-07-26,2024-07-29,BANKBARODA,1,0.022266401590457452,0.02126640159045745,tp,0.22,0.0966654617748066
2024-07-26,2024-07-31,POLYCAB,1,0.04682134500258317,0.04582134500258317,tp,0.22,0.2082788409208326
2024-07-26,2024-07-29,SIEMENS,1,0.022384096454715063,0.021384096454715062,tp,0.22,0.097200438430523
2024-07-26,2024-08-29,AXISBANK,1,-0.007640677107518257,-0.008640677107518258,expiry,0.22,-0.0392758050341739
2024-07-26,2024-08-05,JINDALSTEL,1,-0.058234992303745514,-0.059234992303745515,sl,0.22,-0.2692499650170251
2024-08-30,2024-09-03,BALKRISIND,1,0.03100271953680145,0.030002719536801448,tp,0.22,0.13637599789455204
2024-08-30,2024-09-11,SAIL,1,-0.056424455586320366,-0.057424455586320367,sl,0.22,-0.2610202526650926
2024-08-30,2024-09-20,GODREJPROP,1,0.020628952315843385,0.019628952315843384,tp,0.22,0.08922251052656084
2024-08-30,2024-09-19,ZYDUSLIFE,1,-0.06656948493683201,-0.06756948493683201,sl,0.22,-0.30713402244014554
2024-08-30,2024-09-26,AMBUJACEM,1,0.005468875663503292,0.004468875663503292,expiry,0.22,0.020313071197742238
2024-09-27,2024-10-03,PFC,1,-0.05081505333065006,-0.05181505333065006,sl,0.22,-0.23552296968477301
2024-09-27,2024-10-04,RECLTD,1,-0.0636145861059354,-0.0646145861059354,sl,0.22,-0.2937026641178882
2024-09-27,2024-10-17,ONGC,1,-0.05482199565435397,-0.05582199565435397,sl,0.22,-0.25373634388342714
2024-09-27,2024-10-08,GODREJCP,1,-0.06073713938440639,-0.06173713938440639,sl,0.22,-0.2806233608382109
2024-11-01,2024-11-26,BAJAJ-AUTO,1,-0.07629473216270277,-0.07729473216270277,sl,0.22,-0.351339691648649
2024-11-01,2024-11-13,INDIGO,1,-0.05243625192012291,-0.05343625192012291,sl,0.22,-0.2428920541823769
2024-11-01,2024-11-05,POLYCAB,1,0.02315089269903825,0.02215089269903825,tp,0.22,0.10068587590471932
2024-11-01,2024-11-06,JINDALSTEL,1,0.026629442714485307,0.025629442714485307,tp,0.22,0.11649746688402413
2024-11-01,2024-11-05,VOLTAS,1,0.031236731970643472,0.03023673197064347,tp,0.22,0.13743969077565213
2024-11-29,2024-12-18,HDFCLIFE,1,-0.051571374479363774,-0.052571374479363775,sl,0.22,-0.23896079308801715
2024-11-29,2024-12-05,TRENT,1,0.022627278441232024,0.021627278441232023,tp,0.22,0.0983058110965092
2024-11-29,2024-12-02,SHRIRAMFIN,1,0.025023047543790256,0.024023047543790255,tp,0.22,0.10919567065359206
2024-11-29,2024-12-04,LUPIN,1,0.020496668685645147,0.019496668685645147,tp,0.22,0.08862122129838702
2024-11-29,2024-12-02,VOLTAS,1,0.033431190461925775,0.032431190461925774,tp,0.22,0.14741450209966261
2024-12-27,2025-01-02,FEDERALBNK,1,0.047460365545794136,0.046460365545794136,tp,0.22,0.2111834797536097
2024-12-27,2025-01-02,ASHOKLEY,1,0.06746890210924827,0.06646890210924827,tp,0.22,0.3021313732238558
2024-12-27,2025-01-30,TCS,1,-0.016172765446910486,-0.017172765446910487,expiry,0.22,-0.07805802475868404
2024-12-27,2025-01-24,MPHASIS,1,0.03703894941567265,0.03603894941567265,tp,0.22,0.16381340643487569
2024-12-27,2025-01-02,SHRIRAMFIN,1,0.052089756766015904,0.051089756766015904,tp,0.22,0.2322261671182541
2025-04-25,2025-04-28,MUTHOOTFIN,1,0.02031086106608182,0.01931086106608182,tp,0.22,0.08777664120946281
2025-04-25,2025-04-28,JSWSTEEL,1,0.029856533540131958,0.028856533540131957,tp,0.22,0.13116606154605434
2025-04-25,2025-05-07,CHOLAFIN,1,0.02166861294926692,0.020668612949266918,tp,0.22,0.09394824067848599
2025-04-25,2025-04-28,CIPLA,1,0.02071353894406669,0.01971353894406669,tp,0.22,0.08960699520030313
2025-04-25,2025-04-28,SUNPHARMA,1,0.030453455295889276,0.029453455295889275,tp,0.22,0.13387934225404216
2025-05-30,2025-06-09,KOTAKBANK,1,0.026002011205286557,0.025002011205286556,tp,0.22,0.11364550547857526
2025-05-30,2025-06-26,TATACONSUM,1,0.028835788717211486,0.027835788717211485,tp,0.22,0.1265263123509613
2025-05-30,2025-06-19,EICHERMOT,1,0.023281802942819896,0.022281802942819895,tp,0.22,0.10128092246736316
2025-05-30,2025-06-25,JSWSTEEL,1,0.027524772295065336,0.026524772295065335,tp,0.22,0.12056714679575152
2025-05-30,2025-06-02,GODREJCP,1,0.026505050505050365,0.025505050505050364,tp,0.22,0.11593204775022893
2025-06-27,2025-07-31,TATAELXSI,1,-0.029697452229299315,-0.030697452229299316,expiry,0.22,-0.13953387376954235
2025-06-27,2025-07-02,JINDALSTEL,1,0.02985942289398591,0.02885942289398591,tp,0.22,0.13117919497266323
2025-06-27,2025-07-18,BHEL,1,-0.052244436061863575,-0.053244436061863576,sl,0.22,-0.2420201639175617
2025-06-27,2025-07-02,TATASTEEL,1,0.027539892797732834,0.026539892797732834,tp,0.22,0.12063587635333106
2025-06-27,2025-06-30,BANKBARODA,1,0.028500925354719264,0.027500925354719263,tp,0.22,0.12500420615781482
2025-08-01,2025-08-06,UNIONBANK,1,0.021913124562902953,0.02091312456290295,tp,0.22,0.09505965710410433
2025-08-01,2025-08-04,IDFCFIRSTB,1,0.026676492262343476,0.025676492262343475,tp,0.22,0.11671132846519762
2025-08-01,2025-08-04,SAIL,1,0.041400481207998,0.040400481207997996,tp,0.22,0.18363855094544543
2025-08-01,2025-08-04,BHEL,1,0.04159683726526575,0.04059683726526575,tp,0.22,0.1845310784784807
2025-08-01,2025-08-18,AUBANK,1,0.023365113468510668,0.022365113468510667,tp,0.22,0.10165960667504849
2025-08-29,2025-09-26,DIVISLAB,1,-0.07588560285992851,-0.07688560285992851,sl,0.22,-0.34948001299967507
2025-08-29,2025-09-17,AMBUJACEM,1,0.032283743145232524,0.03128374314523252,tp,0.22,0.14219883247832965
2025-08-29,2025-09-02,IOC,1,0.02079848738273582,0.01979848738273582,tp,0.22,0.08999312446698099
2025-08-29,2025-09-01,BPCL,1,0.021654815772462976,0.020654815772462976,tp,0.22,0.09388552623846808
2025-08-29,2025-09-01,UNIONBANK,1,0.026583890480738503,0.025583890480738503,tp,0.22,0.1162904112760841
2025-10-01,2025-10-06,MPHASIS,1,0.03546492297462045,0.03446492297462045,tp,0.22,0.15665874079372932
2025-10-01,2025-10-08,TITAN,1,0.042314309877227174,0.04131430987722717,tp,0.22,0.1877923176237599
2025-10-01,2025-10-17,HINDUNILVR,1,0.021651145428111196,0.020651145428111195,tp,0.22,0.09386884285505089
2025-10-01,2025-10-16,MARICO,1,0.02939301650258508,0.028393016502585078,tp,0.22,0.12905916592084127
2025-10-01,2025-10-28,ULTRACEMCO,1,-0.01963845521774854,-0.02063845521774854,expiry,0.22,-0.0938111600806752
2025-10-29,2025-11-07,DMART,1,-0.051082169520265786,-0.052082169520265786,sl,0.22,-0.2367371341830263
2025-10-29,2025-11-25,HINDUNILVR,1,-0.029234357407109668,-0.03023435740710967,expiry,0.22,-0.13742889730504396
2025-10-29,2025-11-21,EICHERMOT,1,0.021989828808824496,0.020989828808824496,tp,0.22,0.09540831276738407
2025-10-29,2025-11-06,BRITANNIA,1,0.027881672900374133,0.02688167290037413,tp,0.22,0.12218942227442788
2025-10-29,2025-11-12,HDFCLIFE,1,0.027366767055126306,0.026366767055126306,tp,0.22,0.11984894115966503
2025-11-26,2025-12-08,ETERNAL,1,-0.07128969539857422,-0.07228969539857422,sl,0.22,-0.3285895245389737
2025-11-26,2025-12-12,GRASIM,1,0.03146523598926998,0.03046523598926998,tp,0.22,0.13847834540577264
2025-11-26,2025-12-10,APOLLOHOSP,1,-0.052631578947368474,-0.053631578947368475,sl,0.22,-0.24377990430622035
2025-11-26,2025-12-03,HINDALCO,1,0.021180124223602492,0.02018012422360249,tp,0.22,0.09172783738001132
2025-11-26,2025-12-30,VOLTAS,1,-0.023355025307302935,-0.024355025307302935,expiry,0.22,-0.11070466048774062
2025-12-31,2026-01-02,HEROMOTOCO,1,0.03020887277749007,0.02920887277749007,tp,0.22,0.13276760353404576
2025-12-31,2026-01-02,INDIANB,1,0.03276149630688585,0.03176149630688585,tp,0.22,0.14437043775857206
2025-12-31,2026-01-06,SUNPHARMA,1,0.0209960090230783,0.0199960090230783,tp,0.22,0.09089095010490135
2025-12-31,2026-01-20,ADANIPORTS,1,-0.0735831191667794,-0.0745831191667794,sl,0.22,-0.33901417803081546
2025-12-31,2026-01-06,ASIANPAINT,1,0.02465940544232348,0.023659405442323478,tp,0.22,0.10754275201056127
2026-01-28,2026-02-11,MARUTI,1,0.03130434782608704,0.03030434782608704,tp,0.22,0.13774703557312293
2026-01-28,2026-02-03,POLYCAB,1,0.08227256382596182,0.08127256382596182,tp,0.22,0.3694207446634628
2026-01-28,2026-02-03,BHEL,1,0.03240030674846617,0.03140030674846617,tp,0.22,0.14272866703848258
2026-01-28,2026-02-04,BHARTIARTL,1,0.0315928484355954,0.0305928484355954,tp,0.22,0.1390584019799791
2026-01-28,2026-01-29,LT,1,0.036532313014308926,0.035532313014308925,tp,0.22,0.1615105137014042
2026-02-25,2026-03-05,MUTHOOTFIN,1,-0.059195418592124294,-0.060195418592124295,sl,0.22,-0.27361553905511043
2026-02-25,2026-03-12,HINDALCO,1,0.029149883400466425,0.028149883400466424,tp,0.22,0.12795401545666557
2026-02-25,2026-03-04,TATACONSUM,1,-0.05476432689047128,-0.05576432689047128,sl,0.22,-0.2534742131385058
2026-02-25,2026-03-04,MARUTI,1,-0.06480748945147674,-0.06580748945147674,sl,0.22,-0.299124952052167
2026-02-25,2026-03-04,GRASIM,1,-0.07111018969627858,-0.07211018969627858,sl,0.22,-0.327773589528539
